-- phpMyAdmin SQL Dump
-- version 5.2.0
-- https://www.phpmyadmin.net/
--
-- Host: localhost:3306
-- Generation Time: Jul 20, 2023 at 01:50 AM
-- Server version: 8.0.30
-- PHP Version: 7.4.9

SET SQL_MODE = "NO_AUTO_VALUE_ON_ZERO";
START TRANSACTION;
SET time_zone = "+00:00";


/*!40101 SET @OLD_CHARACTER_SET_CLIENT=@@CHARACTER_SET_CLIENT */;
/*!40101 SET @OLD_CHARACTER_SET_RESULTS=@@CHARACTER_SET_RESULTS */;
/*!40101 SET @OLD_COLLATION_CONNECTION=@@COLLATION_CONNECTION */;
/*!40101 SET NAMES utf8mb4 */;

--
-- Database: `db_si_vikor`
--

-- --------------------------------------------------------

--
-- Table structure for table `absensi`
--

CREATE TABLE `absensi` (
  `id_absensi` int NOT NULL,
  `id_siswa` int NOT NULL,
  `id_mapel` int NOT NULL,
  `tanggal` date NOT NULL,
  `status` enum('hadir','sakit','izin','alfa') NOT NULL
) ENGINE=InnoDB DEFAULT CHARSET=utf8mb3;

--
-- Dumping data for table `absensi`
--

INSERT INTO `absensi` (`id_absensi`, `id_siswa`, `id_mapel`, `tanggal`, `status`) VALUES
(26, 8, 3, '2023-06-11', 'hadir'),
(27, 9, 3, '2023-06-11', 'hadir'),
(28, 14, 3, '2023-06-11', 'alfa'),
(29, 18, 3, '2023-06-11', 'hadir'),
(30, 20, 3, '2023-06-11', 'izin'),
(31, 21, 3, '2023-06-11', 'hadir'),
(32, 24, 3, '2023-06-11', 'hadir'),
(33, 28, 3, '2023-06-11', 'hadir'),
(34, 29, 3, '2023-06-11', 'izin'),
(35, 30, 3, '2023-06-11', 'hadir'),
(36, 32, 3, '2023-06-11', 'sakit'),
(37, 33, 3, '2023-06-11', 'hadir'),
(38, 34, 3, '2023-06-11', 'hadir'),
(39, 36, 3, '2023-06-11', 'hadir'),
(40, 38, 3, '2023-06-11', 'hadir'),
(41, 41, 3, '2023-06-11', 'hadir'),
(42, 46, 3, '2023-06-11', 'alfa'),
(43, 48, 3, '2023-06-11', 'alfa'),
(44, 53, 3, '2023-06-11', 'hadir'),
(45, 54, 3, '2023-06-11', 'hadir'),
(46, 56, 3, '2023-06-11', 'hadir'),
(47, 7, 4, '2023-06-11', 'hadir'),
(48, 12, 4, '2023-06-11', 'hadir'),
(49, 16, 4, '2023-06-11', 'sakit'),
(50, 17, 4, '2023-06-11', 'hadir'),
(51, 19, 4, '2023-06-11', 'izin'),
(52, 26, 4, '2023-06-11', 'hadir'),
(53, 35, 4, '2023-06-11', 'hadir'),
(54, 43, 4, '2023-06-11', 'hadir'),
(55, 45, 4, '2023-06-11', 'hadir'),
(56, 55, 4, '2023-06-11', 'hadir'),
(57, 7, 2, '2023-06-10', 'hadir'),
(58, 12, 2, '2023-06-10', 'hadir'),
(59, 16, 2, '2023-06-10', 'hadir'),
(60, 17, 2, '2023-06-10', 'izin'),
(61, 19, 2, '2023-06-10', 'izin'),
(62, 26, 2, '2023-06-10', 'hadir'),
(63, 35, 2, '2023-06-10', 'hadir'),
(64, 43, 2, '2023-06-10', 'hadir'),
(65, 45, 2, '2023-06-10', 'hadir'),
(66, 55, 2, '2023-06-10', 'hadir');

-- --------------------------------------------------------

--
-- Table structure for table `absensiguru`
--

CREATE TABLE `absensiguru` (
  `id_absensiguru` int NOT NULL,
  `id_guru` int NOT NULL,
  `waktu` timestamp NOT NULL DEFAULT CURRENT_TIMESTAMP
) ENGINE=InnoDB DEFAULT CHARSET=utf8mb3;

--
-- Dumping data for table `absensiguru`
--

INSERT INTO `absensiguru` (`id_absensiguru`, `id_guru`, `waktu`) VALUES
(2, 1, '2023-03-11 00:30:00'),
(3, 1, '2023-03-12 00:30:00'),
(4, 1, '2023-03-13 00:30:00'),
(5, 1, '2023-03-14 00:30:00'),
(6, 1, '2023-03-15 00:30:00'),
(7, 1, '2023-03-16 00:30:00'),
(8, 1, '2023-03-17 00:30:00'),
(9, 1, '2023-03-18 00:30:00'),
(10, 1, '2023-03-19 00:30:00'),
(11, 1, '2023-03-20 00:30:00'),
(12, 1, '2023-03-21 00:30:00'),
(13, 1, '2023-03-22 00:30:00'),
(14, 1, '2023-03-23 00:30:00'),
(15, 1, '2023-03-24 00:30:00'),
(16, 1, '2023-03-25 00:30:00'),
(17, 1, '2023-03-26 00:30:00'),
(18, 1, '2023-03-27 00:30:00'),
(19, 1, '2023-03-28 00:30:00'),
(20, 1, '2023-03-29 00:30:00'),
(21, 1, '2023-03-30 00:30:00'),
(22, 1, '2023-03-31 00:30:00'),
(23, 1, '2023-04-01 00:30:00'),
(24, 1, '2023-04-02 00:30:00'),
(25, 1, '2023-04-03 00:30:00'),
(26, 1, '2023-04-04 00:30:00'),
(27, 1, '2023-04-05 00:30:00'),
(28, 1, '2023-04-06 00:30:00'),
(29, 1, '2023-04-07 00:30:00'),
(30, 1, '2023-04-08 00:30:00'),
(31, 1, '2023-04-09 00:30:00'),
(32, 1, '2023-04-10 00:30:00'),
(33, 1, '2023-04-11 00:30:00'),
(34, 1, '2023-04-12 00:30:00'),
(35, 1, '2023-04-13 00:30:00'),
(36, 1, '2023-04-14 00:30:00'),
(37, 1, '2023-04-15 00:30:00'),
(38, 1, '2023-04-16 00:30:00'),
(39, 1, '2023-04-17 00:30:00'),
(40, 1, '2023-04-18 00:30:00'),
(41, 1, '2023-04-19 00:30:00'),
(42, 1, '2023-04-20 00:30:00'),
(43, 1, '2023-04-21 00:30:00'),
(44, 1, '2023-04-22 00:30:00'),
(45, 1, '2023-04-23 00:30:00'),
(46, 1, '2023-04-24 00:30:00'),
(47, 1, '2023-04-25 00:30:00'),
(48, 1, '2023-04-26 00:30:00'),
(49, 1, '2023-04-27 00:30:00'),
(50, 1, '2023-04-28 00:30:00'),
(51, 1, '2023-04-29 00:30:00'),
(52, 1, '2023-04-30 00:30:00'),
(53, 1, '2023-05-01 00:30:00'),
(54, 1, '2023-05-02 00:30:00'),
(55, 1, '2023-05-03 00:30:00'),
(56, 1, '2023-05-04 00:30:00'),
(57, 1, '2023-05-05 00:30:00'),
(58, 1, '2023-05-06 00:30:00'),
(59, 1, '2023-05-07 00:30:00'),
(60, 1, '2023-05-08 00:30:00'),
(61, 1, '2023-05-09 00:30:00'),
(62, 1, '2023-05-10 00:30:00'),
(63, 1, '2023-05-11 00:30:00'),
(64, 1, '2023-05-12 00:30:00'),
(65, 1, '2023-05-13 00:30:00'),
(66, 1, '2023-05-14 00:30:00'),
(67, 1, '2023-05-15 00:30:00'),
(68, 1, '2023-05-16 00:30:00'),
(69, 1, '2023-05-17 00:30:00'),
(70, 1, '2023-05-18 00:30:00'),
(71, 1, '2023-05-19 00:30:00'),
(72, 3, '2023-03-11 00:30:00'),
(73, 3, '2023-03-12 00:30:00'),
(74, 3, '2023-03-13 00:30:00'),
(75, 3, '2023-03-14 00:30:00'),
(76, 3, '2023-03-15 00:30:00'),
(77, 3, '2023-03-16 00:30:00'),
(78, 3, '2023-03-17 00:30:00'),
(79, 3, '2023-03-18 00:30:00'),
(80, 3, '2023-03-19 00:30:00'),
(81, 3, '2023-03-20 00:30:00'),
(82, 3, '2023-03-21 00:30:00'),
(83, 3, '2023-03-22 00:30:00'),
(84, 3, '2023-03-23 00:30:00'),
(85, 3, '2023-03-24 00:30:00'),
(86, 3, '2023-03-25 00:30:00'),
(87, 3, '2023-03-26 00:30:00'),
(88, 3, '2023-03-27 00:30:00'),
(89, 3, '2023-03-28 00:30:00'),
(90, 3, '2023-03-29 00:30:00'),
(91, 3, '2023-03-30 00:30:00'),
(92, 3, '2023-03-31 00:30:00'),
(93, 3, '2023-04-01 00:30:00'),
(94, 3, '2023-04-02 00:30:00'),
(95, 3, '2023-04-03 00:30:00'),
(96, 3, '2023-04-04 00:30:00'),
(97, 3, '2023-04-05 00:30:00'),
(98, 3, '2023-04-06 00:30:00'),
(99, 3, '2023-04-07 00:30:00'),
(100, 3, '2023-04-08 00:30:00'),
(101, 3, '2023-04-09 00:30:00'),
(102, 3, '2023-04-10 00:30:00'),
(103, 3, '2023-04-11 00:30:00'),
(104, 3, '2023-04-12 00:30:00'),
(105, 3, '2023-04-13 00:30:00'),
(106, 3, '2023-04-14 00:30:00'),
(107, 3, '2023-04-15 00:30:00'),
(108, 3, '2023-04-16 00:30:00'),
(109, 3, '2023-04-17 00:30:00'),
(110, 3, '2023-04-18 00:30:00'),
(111, 3, '2023-04-19 00:30:00'),
(112, 3, '2023-04-20 00:30:00'),
(113, 3, '2023-04-21 00:30:00'),
(114, 3, '2023-04-22 00:30:00'),
(115, 3, '2023-04-23 00:30:00'),
(116, 3, '2023-04-24 00:30:00'),
(117, 3, '2023-04-25 00:30:00'),
(118, 3, '2023-04-26 00:30:00'),
(119, 3, '2023-04-27 00:30:00'),
(120, 3, '2023-04-28 00:30:00'),
(121, 3, '2023-04-29 00:30:00'),
(122, 3, '2023-04-30 00:30:00'),
(123, 3, '2023-05-01 00:30:00'),
(124, 3, '2023-05-02 00:30:00'),
(125, 3, '2023-05-03 00:30:00'),
(126, 3, '2023-05-04 00:30:00'),
(127, 3, '2023-05-05 00:30:00'),
(128, 3, '2023-05-06 00:30:00'),
(129, 3, '2023-05-07 00:30:00'),
(130, 3, '2023-05-08 00:30:00'),
(131, 3, '2023-05-09 00:30:00'),
(132, 3, '2023-05-10 00:30:00'),
(133, 3, '2023-05-11 00:30:00'),
(134, 3, '2023-05-12 00:30:00'),
(135, 3, '2023-05-13 00:30:00'),
(136, 3, '2023-05-14 00:30:00'),
(137, 3, '2023-05-15 00:30:00'),
(138, 3, '2023-05-16 00:30:00'),
(139, 3, '2023-05-17 00:30:00'),
(140, 3, '2023-05-18 00:30:00'),
(141, 3, '2023-05-19 00:30:00'),
(142, 4, '2023-03-11 00:30:00'),
(143, 4, '2023-03-12 00:30:00'),
(144, 4, '2023-03-13 00:30:00'),
(145, 4, '2023-03-14 00:30:00'),
(146, 4, '2023-03-15 00:30:00'),
(147, 4, '2023-03-16 00:30:00'),
(148, 4, '2023-03-17 00:30:00'),
(149, 4, '2023-03-18 00:30:00'),
(150, 4, '2023-03-19 00:30:00'),
(151, 4, '2023-03-20 00:30:00'),
(152, 4, '2023-03-21 00:30:00'),
(153, 4, '2023-03-22 00:30:00'),
(154, 4, '2023-03-23 00:30:00'),
(155, 4, '2023-03-24 00:30:00'),
(156, 4, '2023-03-25 00:30:00'),
(157, 4, '2023-03-26 00:30:00'),
(158, 4, '2023-03-27 00:30:00'),
(159, 4, '2023-03-28 00:30:00'),
(160, 4, '2023-03-29 00:30:00'),
(161, 4, '2023-03-30 00:30:00'),
(162, 4, '2023-03-31 00:30:00'),
(163, 4, '2023-04-01 00:30:00'),
(164, 4, '2023-04-02 00:30:00'),
(165, 4, '2023-04-03 00:30:00'),
(166, 4, '2023-04-04 00:30:00'),
(167, 4, '2023-04-05 00:30:00'),
(168, 4, '2023-04-06 00:30:00'),
(169, 4, '2023-04-07 00:30:00'),
(170, 4, '2023-04-08 00:30:00'),
(171, 4, '2023-04-09 00:30:00'),
(172, 4, '2023-04-10 00:30:00'),
(173, 4, '2023-04-11 00:30:00'),
(174, 4, '2023-04-12 00:30:00'),
(175, 4, '2023-04-13 00:30:00'),
(176, 4, '2023-04-14 00:30:00'),
(177, 4, '2023-04-15 00:30:00'),
(178, 4, '2023-04-16 00:30:00'),
(179, 4, '2023-04-17 00:30:00'),
(180, 4, '2023-04-18 00:30:00'),
(181, 4, '2023-04-19 00:30:00'),
(182, 4, '2023-04-20 00:30:00'),
(183, 4, '2023-04-21 00:30:00'),
(184, 4, '2023-04-22 00:30:00'),
(185, 4, '2023-04-23 00:30:00'),
(186, 4, '2023-04-24 00:30:00'),
(187, 4, '2023-04-25 00:30:00'),
(188, 4, '2023-04-26 00:30:00'),
(189, 4, '2023-04-27 00:30:00'),
(190, 4, '2023-04-28 00:30:00'),
(191, 4, '2023-04-29 00:30:00'),
(192, 4, '2023-04-30 00:30:00'),
(193, 4, '2023-05-01 00:30:00'),
(194, 4, '2023-05-02 00:30:00'),
(195, 4, '2023-05-03 00:30:00'),
(196, 4, '2023-05-04 00:30:00'),
(197, 4, '2023-05-05 00:30:00'),
(198, 4, '2023-05-06 00:30:00'),
(199, 4, '2023-05-07 00:30:00'),
(200, 4, '2023-05-08 00:30:00'),
(201, 4, '2023-05-09 00:30:00'),
(202, 4, '2023-05-10 00:30:00'),
(203, 4, '2023-05-11 00:30:00'),
(204, 4, '2023-05-12 00:30:00'),
(205, 4, '2023-05-13 00:30:00'),
(206, 4, '2023-05-14 00:30:00'),
(207, 4, '2023-05-15 00:30:00'),
(208, 4, '2023-05-16 00:30:00'),
(209, 4, '2023-05-17 00:30:00'),
(210, 4, '2023-05-18 00:30:00'),
(211, 4, '2023-05-19 00:30:00'),
(212, 4, '2023-05-20 00:30:00'),
(213, 4, '2023-05-21 00:30:00'),
(214, 5, '2023-03-11 00:30:00'),
(215, 5, '2023-03-12 00:30:00'),
(216, 5, '2023-03-13 00:30:00'),
(217, 5, '2023-03-14 00:30:00'),
(218, 5, '2023-03-15 00:30:00'),
(219, 5, '2023-03-16 00:30:00'),
(220, 5, '2023-03-17 00:30:00'),
(221, 5, '2023-03-18 00:30:00'),
(222, 5, '2023-03-19 00:30:00'),
(223, 5, '2023-03-20 00:30:00'),
(224, 5, '2023-03-21 00:30:00'),
(225, 5, '2023-03-22 00:30:00'),
(226, 5, '2023-03-23 00:30:00'),
(227, 5, '2023-03-24 00:30:00'),
(228, 5, '2023-03-25 00:30:00'),
(229, 5, '2023-03-26 00:30:00'),
(230, 5, '2023-03-27 00:30:00'),
(231, 5, '2023-03-28 00:30:00'),
(232, 5, '2023-03-29 00:30:00'),
(233, 5, '2023-03-30 00:30:00'),
(234, 5, '2023-03-31 00:30:00'),
(235, 5, '2023-04-01 00:30:00'),
(236, 5, '2023-04-02 00:30:00'),
(237, 5, '2023-04-03 00:30:00'),
(238, 5, '2023-04-04 00:30:00'),
(239, 5, '2023-04-05 00:30:00'),
(240, 5, '2023-04-06 00:30:00'),
(241, 5, '2023-04-07 00:30:00'),
(242, 5, '2023-04-08 00:30:00'),
(243, 5, '2023-04-09 00:30:00'),
(244, 5, '2023-04-10 00:30:00'),
(245, 5, '2023-04-11 00:30:00'),
(246, 5, '2023-04-12 00:30:00'),
(247, 5, '2023-04-13 00:30:00'),
(248, 5, '2023-04-14 00:30:00'),
(249, 5, '2023-04-15 00:30:00'),
(250, 5, '2023-04-16 00:30:00'),
(251, 5, '2023-04-17 00:30:00'),
(252, 5, '2023-04-18 00:30:00'),
(253, 5, '2023-04-19 00:30:00'),
(254, 5, '2023-04-20 00:30:00'),
(255, 5, '2023-04-21 00:30:00'),
(256, 5, '2023-04-22 00:30:00'),
(257, 5, '2023-04-23 00:30:00'),
(258, 5, '2023-04-24 00:30:00'),
(259, 5, '2023-04-25 00:30:00'),
(260, 5, '2023-04-26 00:30:00'),
(261, 5, '2023-04-27 00:30:00'),
(262, 5, '2023-04-28 00:30:00'),
(263, 5, '2023-04-29 00:30:00'),
(264, 5, '2023-04-30 00:30:00'),
(265, 5, '2023-05-01 00:30:00'),
(266, 5, '2023-05-02 00:30:00'),
(267, 5, '2023-05-03 00:30:00'),
(268, 5, '2023-05-04 00:30:00'),
(269, 5, '2023-05-05 00:30:00'),
(270, 5, '2023-05-06 00:30:00'),
(271, 5, '2023-05-07 00:30:00'),
(272, 5, '2023-05-08 00:30:00'),
(273, 5, '2023-05-09 00:30:00'),
(274, 5, '2023-05-10 00:30:00'),
(275, 5, '2023-05-11 00:30:00'),
(276, 5, '2023-05-12 00:30:00'),
(277, 5, '2023-05-13 00:30:00'),
(278, 5, '2023-05-14 00:30:00'),
(279, 5, '2023-05-15 00:30:00'),
(280, 5, '2023-05-16 00:30:00'),
(281, 7, '2023-03-11 00:30:00'),
(282, 7, '2023-03-12 00:30:00'),
(283, 7, '2023-03-13 00:30:00'),
(284, 7, '2023-03-14 00:30:00'),
(285, 7, '2023-03-15 00:30:00'),
(286, 7, '2023-03-16 00:30:00'),
(287, 7, '2023-03-17 00:30:00'),
(288, 7, '2023-03-18 00:30:00'),
(289, 7, '2023-03-19 00:30:00'),
(290, 7, '2023-03-20 00:30:00'),
(291, 7, '2023-03-21 00:30:00'),
(292, 7, '2023-03-22 00:30:00'),
(293, 7, '2023-03-23 00:30:00'),
(294, 7, '2023-03-24 00:30:00'),
(295, 7, '2023-03-25 00:30:00'),
(296, 7, '2023-03-26 00:30:00'),
(297, 7, '2023-03-27 00:30:00'),
(298, 7, '2023-03-28 00:30:00'),
(299, 7, '2023-03-29 00:30:00'),
(300, 7, '2023-03-30 00:30:00'),
(301, 7, '2023-03-31 00:30:00'),
(302, 7, '2023-04-01 00:30:00'),
(303, 7, '2023-04-02 00:30:00'),
(304, 7, '2023-04-03 00:30:00'),
(305, 7, '2023-04-04 00:30:00'),
(306, 7, '2023-04-05 00:30:00'),
(307, 7, '2023-04-06 00:30:00'),
(308, 7, '2023-04-07 00:30:00'),
(309, 7, '2023-04-08 00:30:00'),
(310, 7, '2023-04-09 00:30:00'),
(311, 7, '2023-04-10 00:30:00'),
(312, 7, '2023-04-11 00:30:00'),
(313, 7, '2023-04-12 00:30:00'),
(314, 7, '2023-04-13 00:30:00'),
(315, 7, '2023-04-14 00:30:00'),
(316, 7, '2023-04-15 00:30:00'),
(317, 7, '2023-04-16 00:30:00'),
(318, 7, '2023-04-17 00:30:00'),
(319, 7, '2023-04-18 00:30:00'),
(320, 7, '2023-04-19 00:30:00'),
(321, 7, '2023-04-20 00:30:00'),
(322, 7, '2023-04-21 00:30:00'),
(323, 7, '2023-04-22 00:30:00'),
(324, 7, '2023-04-23 00:30:00'),
(325, 7, '2023-04-24 00:30:00'),
(326, 7, '2023-04-25 00:30:00'),
(327, 7, '2023-04-26 00:30:00'),
(328, 7, '2023-04-27 00:30:00'),
(329, 7, '2023-04-28 00:30:00'),
(330, 7, '2023-04-29 00:30:00'),
(331, 7, '2023-04-30 00:30:00'),
(332, 7, '2023-05-01 00:30:00'),
(333, 7, '2023-05-02 00:30:00'),
(334, 7, '2023-05-03 00:30:00'),
(335, 7, '2023-05-04 00:30:00'),
(336, 7, '2023-05-05 00:30:00'),
(337, 7, '2023-05-06 00:30:00'),
(338, 7, '2023-05-07 00:30:00'),
(339, 7, '2023-05-08 00:30:00'),
(340, 7, '2023-05-09 00:30:00'),
(341, 7, '2023-05-10 00:30:00'),
(342, 7, '2023-05-11 00:30:00'),
(343, 7, '2023-05-12 00:30:00'),
(344, 7, '2023-05-13 00:30:00'),
(345, 7, '2023-05-14 00:30:00'),
(346, 7, '2023-05-15 00:30:00'),
(347, 7, '2023-05-16 00:30:00'),
(348, 7, '2023-05-17 00:30:00'),
(349, 7, '2023-05-18 00:30:00'),
(350, 7, '2023-05-19 00:30:00'),
(351, 7, '2023-05-20 00:30:00'),
(352, 8, '2023-03-11 00:30:00'),
(353, 8, '2023-03-12 00:30:00'),
(354, 8, '2023-03-13 00:30:00'),
(355, 8, '2023-03-14 00:30:00'),
(356, 8, '2023-03-15 00:30:00'),
(357, 8, '2023-03-16 00:30:00'),
(358, 8, '2023-03-17 00:30:00'),
(359, 8, '2023-03-18 00:30:00'),
(360, 8, '2023-03-19 00:30:00'),
(361, 8, '2023-03-20 00:30:00'),
(362, 8, '2023-03-21 00:30:00'),
(363, 8, '2023-03-22 00:30:00'),
(364, 8, '2023-03-23 00:30:00'),
(365, 8, '2023-03-24 00:30:00'),
(366, 8, '2023-03-25 00:30:00'),
(367, 8, '2023-03-26 00:30:00'),
(368, 8, '2023-03-27 00:30:00'),
(369, 8, '2023-03-28 00:30:00'),
(370, 8, '2023-03-29 00:30:00'),
(371, 8, '2023-03-30 00:30:00'),
(372, 8, '2023-03-31 00:30:00'),
(373, 8, '2023-04-01 00:30:00'),
(374, 8, '2023-04-02 00:30:00'),
(375, 8, '2023-04-03 00:30:00'),
(376, 8, '2023-04-04 00:30:00'),
(377, 8, '2023-04-05 00:30:00'),
(378, 8, '2023-04-06 00:30:00'),
(379, 8, '2023-04-07 00:30:00'),
(380, 8, '2023-04-08 00:30:00'),
(381, 8, '2023-04-09 00:30:00'),
(382, 8, '2023-04-10 00:30:00'),
(383, 8, '2023-04-11 00:30:00'),
(384, 8, '2023-04-12 00:30:00'),
(385, 8, '2023-04-13 00:30:00'),
(386, 8, '2023-04-14 00:30:00'),
(387, 8, '2023-04-15 00:30:00'),
(388, 8, '2023-04-16 00:30:00'),
(389, 8, '2023-04-17 00:30:00'),
(390, 8, '2023-04-18 00:30:00'),
(391, 8, '2023-04-19 00:30:00'),
(392, 8, '2023-04-20 00:30:00'),
(393, 8, '2023-04-21 00:30:00'),
(394, 8, '2023-04-22 00:30:00'),
(395, 8, '2023-04-23 00:30:00'),
(396, 8, '2023-04-24 00:30:00'),
(397, 8, '2023-04-25 00:30:00'),
(398, 8, '2023-04-26 00:30:00'),
(399, 8, '2023-04-27 00:30:00'),
(400, 8, '2023-04-28 00:30:00'),
(401, 8, '2023-04-29 00:30:00'),
(402, 8, '2023-04-30 00:30:00'),
(403, 8, '2023-05-01 00:30:00'),
(404, 8, '2023-05-02 00:30:00'),
(405, 8, '2023-05-03 00:30:00'),
(406, 8, '2023-05-04 00:30:00'),
(407, 8, '2023-05-05 00:30:00'),
(408, 8, '2023-05-06 00:30:00'),
(409, 8, '2023-05-07 00:30:00'),
(410, 8, '2023-05-08 00:30:00'),
(411, 8, '2023-05-09 00:30:00'),
(412, 8, '2023-05-10 00:30:00'),
(413, 8, '2023-05-11 00:30:00'),
(414, 8, '2023-05-12 00:30:00'),
(415, 8, '2023-05-13 00:30:00'),
(416, 8, '2023-05-14 00:30:00'),
(417, 8, '2023-05-15 00:30:00'),
(418, 8, '2023-05-16 00:30:00'),
(419, 8, '2023-05-17 00:30:00'),
(420, 8, '2023-05-18 00:30:00'),
(421, 8, '2023-05-19 00:30:00'),
(422, 8, '2023-05-20 00:30:00'),
(423, 8, '2023-05-21 00:30:00'),
(424, 10, '2023-03-11 00:30:00'),
(425, 10, '2023-03-12 00:30:00'),
(426, 10, '2023-03-13 00:30:00'),
(427, 10, '2023-03-14 00:30:00'),
(428, 10, '2023-03-15 00:30:00'),
(429, 10, '2023-03-16 00:30:00'),
(430, 10, '2023-03-17 00:30:00'),
(431, 10, '2023-03-18 00:30:00'),
(432, 10, '2023-03-19 00:30:00'),
(433, 10, '2023-03-20 00:30:00'),
(434, 10, '2023-03-21 00:30:00'),
(435, 10, '2023-03-22 00:30:00'),
(436, 10, '2023-03-23 00:30:00'),
(437, 10, '2023-03-24 00:30:00'),
(438, 10, '2023-03-25 00:30:00'),
(439, 10, '2023-03-26 00:30:00'),
(440, 10, '2023-03-27 00:30:00'),
(441, 10, '2023-03-28 00:30:00'),
(442, 10, '2023-03-29 00:30:00'),
(443, 10, '2023-03-30 00:30:00'),
(444, 10, '2023-03-31 00:30:00'),
(445, 10, '2023-04-01 00:30:00'),
(446, 10, '2023-04-02 00:30:00'),
(447, 10, '2023-04-03 00:30:00'),
(448, 10, '2023-04-04 00:30:00'),
(449, 10, '2023-04-05 00:30:00'),
(450, 10, '2023-04-06 00:30:00'),
(451, 10, '2023-04-07 00:30:00'),
(452, 10, '2023-04-08 00:30:00'),
(453, 10, '2023-04-09 00:30:00'),
(454, 10, '2023-04-10 00:30:00'),
(455, 10, '2023-04-11 00:30:00'),
(456, 10, '2023-04-12 00:30:00'),
(457, 10, '2023-04-13 00:30:00'),
(458, 10, '2023-04-14 00:30:00'),
(459, 10, '2023-04-15 00:30:00'),
(460, 10, '2023-04-16 00:30:00'),
(461, 10, '2023-04-17 00:30:00'),
(462, 10, '2023-04-18 00:30:00'),
(463, 10, '2023-04-19 00:30:00'),
(464, 10, '2023-04-20 00:30:00'),
(465, 10, '2023-04-21 00:30:00'),
(466, 10, '2023-04-22 00:30:00'),
(467, 10, '2023-04-23 00:30:00'),
(468, 10, '2023-04-24 00:30:00'),
(469, 10, '2023-04-25 00:30:00'),
(470, 10, '2023-04-26 00:30:00'),
(471, 10, '2023-04-27 00:30:00'),
(472, 10, '2023-04-28 00:30:00'),
(473, 10, '2023-04-29 00:30:00'),
(474, 10, '2023-04-30 00:30:00'),
(475, 10, '2023-05-01 00:30:00'),
(476, 10, '2023-05-02 00:30:00'),
(477, 10, '2023-05-03 00:30:00'),
(478, 10, '2023-05-04 00:30:00'),
(479, 10, '2023-05-05 00:30:00'),
(480, 10, '2023-05-06 00:30:00'),
(481, 10, '2023-05-07 00:30:00'),
(482, 10, '2023-05-08 00:30:00'),
(483, 10, '2023-05-09 00:30:00'),
(484, 10, '2023-05-10 00:30:00'),
(485, 10, '2023-05-11 00:30:00'),
(486, 10, '2023-05-12 00:30:00'),
(487, 10, '2023-05-13 00:30:00'),
(488, 10, '2023-05-14 00:30:00'),
(489, 10, '2023-05-15 00:30:00'),
(490, 10, '2023-05-16 00:30:00'),
(491, 10, '2023-05-17 00:30:00'),
(492, 10, '2023-05-18 00:30:00'),
(493, 10, '2023-05-19 00:30:00'),
(494, 10, '2023-05-20 00:30:00'),
(495, 11, '2023-03-11 00:30:00'),
(496, 11, '2023-03-12 00:30:00'),
(497, 11, '2023-03-13 00:30:00'),
(498, 11, '2023-03-14 00:30:00'),
(499, 11, '2023-03-15 00:30:00'),
(500, 11, '2023-03-16 00:30:00'),
(501, 11, '2023-03-17 00:30:00'),
(502, 11, '2023-03-18 00:30:00'),
(503, 11, '2023-03-19 00:30:00'),
(504, 11, '2023-03-20 00:30:00'),
(505, 11, '2023-03-21 00:30:00'),
(506, 11, '2023-03-22 00:30:00'),
(507, 11, '2023-03-23 00:30:00'),
(508, 11, '2023-03-24 00:30:00'),
(509, 11, '2023-03-25 00:30:00'),
(510, 11, '2023-03-26 00:30:00'),
(511, 11, '2023-03-27 00:30:00'),
(512, 11, '2023-03-28 00:30:00'),
(513, 11, '2023-03-29 00:30:00'),
(514, 11, '2023-03-30 00:30:00'),
(515, 11, '2023-03-31 00:30:00'),
(516, 11, '2023-04-01 00:30:00'),
(517, 11, '2023-04-02 00:30:00'),
(518, 11, '2023-04-03 00:30:00'),
(519, 11, '2023-04-04 00:30:00'),
(520, 11, '2023-04-05 00:30:00'),
(521, 11, '2023-04-06 00:30:00'),
(522, 11, '2023-04-07 00:30:00'),
(523, 11, '2023-04-08 00:30:00'),
(524, 11, '2023-04-09 00:30:00'),
(525, 11, '2023-04-10 00:30:00'),
(526, 11, '2023-04-11 00:30:00'),
(527, 11, '2023-04-12 00:30:00'),
(528, 11, '2023-04-13 00:30:00'),
(529, 11, '2023-04-14 00:30:00'),
(530, 11, '2023-04-15 00:30:00'),
(531, 11, '2023-04-16 00:30:00'),
(532, 11, '2023-04-17 00:30:00'),
(533, 11, '2023-04-18 00:30:00'),
(534, 11, '2023-04-19 00:30:00'),
(535, 11, '2023-04-20 00:30:00'),
(536, 11, '2023-04-21 00:30:00'),
(537, 11, '2023-04-22 00:30:00'),
(538, 11, '2023-04-23 00:30:00'),
(539, 11, '2023-04-24 00:30:00'),
(540, 11, '2023-04-25 00:30:00'),
(541, 11, '2023-04-26 00:30:00'),
(542, 11, '2023-04-27 00:30:00'),
(543, 11, '2023-04-28 00:30:00'),
(544, 11, '2023-04-29 00:30:00'),
(545, 11, '2023-04-30 00:30:00'),
(546, 11, '2023-05-01 00:30:00'),
(547, 11, '2023-05-02 00:30:00'),
(548, 11, '2023-05-03 00:30:00'),
(549, 11, '2023-05-04 00:30:00'),
(550, 11, '2023-05-05 00:30:00'),
(551, 11, '2023-05-06 00:30:00'),
(552, 11, '2023-05-07 00:30:00'),
(553, 11, '2023-05-08 00:30:00'),
(554, 11, '2023-05-09 00:30:00'),
(555, 11, '2023-05-10 00:30:00'),
(556, 11, '2023-05-11 00:30:00'),
(557, 11, '2023-05-12 00:30:00'),
(558, 11, '2023-05-13 00:30:00'),
(559, 11, '2023-05-14 00:30:00'),
(560, 11, '2023-05-15 00:30:00'),
(561, 11, '2023-05-16 00:30:00'),
(562, 11, '2023-05-17 00:30:00'),
(563, 11, '2023-05-18 00:30:00'),
(564, 11, '2023-05-19 00:30:00'),
(565, 11, '2023-05-20 00:30:00'),
(566, 12, '2023-03-11 00:30:00'),
(567, 12, '2023-03-12 00:30:00'),
(568, 12, '2023-03-13 00:30:00'),
(569, 12, '2023-03-14 00:30:00'),
(570, 12, '2023-03-15 00:30:00'),
(571, 12, '2023-03-16 00:30:00'),
(572, 12, '2023-03-17 00:30:00'),
(573, 12, '2023-03-18 00:30:00'),
(574, 12, '2023-03-19 00:30:00'),
(575, 12, '2023-03-20 00:30:00'),
(576, 12, '2023-03-21 00:30:00'),
(577, 12, '2023-03-22 00:30:00'),
(578, 12, '2023-03-23 00:30:00'),
(579, 12, '2023-03-24 00:30:00'),
(580, 12, '2023-03-25 00:30:00'),
(581, 12, '2023-03-26 00:30:00'),
(582, 12, '2023-03-27 00:30:00'),
(583, 12, '2023-03-28 00:30:00'),
(584, 12, '2023-03-29 00:30:00'),
(585, 12, '2023-03-30 00:30:00'),
(586, 12, '2023-03-31 00:30:00'),
(587, 12, '2023-04-01 00:30:00'),
(588, 12, '2023-04-02 00:30:00'),
(589, 12, '2023-04-03 00:30:00'),
(590, 12, '2023-04-04 00:30:00'),
(591, 12, '2023-04-05 00:30:00'),
(592, 12, '2023-04-06 00:30:00'),
(593, 12, '2023-04-07 00:30:00'),
(594, 12, '2023-04-08 00:30:00'),
(595, 12, '2023-04-09 00:30:00'),
(596, 12, '2023-04-10 00:30:00'),
(597, 12, '2023-04-11 00:30:00'),
(598, 12, '2023-04-12 00:30:00'),
(599, 12, '2023-04-13 00:30:00'),
(600, 12, '2023-04-14 00:30:00'),
(601, 12, '2023-04-15 00:30:00'),
(602, 12, '2023-04-16 00:30:00'),
(603, 12, '2023-04-17 00:30:00'),
(604, 12, '2023-04-18 00:30:00'),
(605, 12, '2023-04-19 00:30:00'),
(606, 12, '2023-04-20 00:30:00'),
(607, 12, '2023-04-21 00:30:00'),
(608, 12, '2023-04-22 00:30:00'),
(609, 12, '2023-04-23 00:30:00'),
(610, 12, '2023-04-24 00:30:00'),
(611, 12, '2023-04-25 00:30:00'),
(612, 12, '2023-04-26 00:30:00'),
(613, 12, '2023-04-27 00:30:00'),
(614, 12, '2023-04-28 00:30:00'),
(615, 12, '2023-04-29 00:30:00'),
(616, 12, '2023-04-30 00:30:00'),
(617, 12, '2023-05-01 00:30:00'),
(618, 12, '2023-05-02 00:30:00'),
(619, 12, '2023-05-03 00:30:00'),
(620, 12, '2023-05-04 00:30:00'),
(621, 12, '2023-05-05 00:30:00'),
(622, 12, '2023-05-06 00:30:00'),
(623, 12, '2023-05-07 00:30:00'),
(624, 12, '2023-05-08 00:30:00'),
(625, 12, '2023-05-09 00:30:00'),
(626, 12, '2023-05-10 00:30:00'),
(627, 12, '2023-05-11 00:30:00'),
(628, 12, '2023-05-12 00:30:00'),
(629, 12, '2023-05-13 00:30:00'),
(630, 12, '2023-05-14 00:30:00'),
(631, 12, '2023-05-15 00:30:00'),
(632, 12, '2023-05-16 00:30:00'),
(633, 12, '2023-05-17 00:30:00'),
(634, 12, '2023-05-18 00:30:00'),
(635, 12, '2023-05-19 00:30:00'),
(636, 12, '2023-05-20 00:30:00'),
(637, 13, '2023-03-11 00:30:00'),
(638, 13, '2023-03-12 00:30:00'),
(639, 13, '2023-03-13 00:30:00'),
(640, 13, '2023-03-14 00:30:00'),
(641, 13, '2023-03-15 00:30:00'),
(642, 13, '2023-03-16 00:30:00'),
(643, 13, '2023-03-17 00:30:00'),
(644, 13, '2023-03-18 00:30:00'),
(645, 13, '2023-03-19 00:30:00'),
(646, 13, '2023-03-20 00:30:00'),
(647, 13, '2023-03-21 00:30:00'),
(648, 13, '2023-03-22 00:30:00'),
(649, 13, '2023-03-23 00:30:00'),
(650, 13, '2023-03-24 00:30:00'),
(651, 13, '2023-03-25 00:30:00'),
(652, 13, '2023-03-26 00:30:00'),
(653, 13, '2023-03-27 00:30:00'),
(654, 13, '2023-03-28 00:30:00'),
(655, 13, '2023-03-29 00:30:00'),
(656, 13, '2023-03-30 00:30:00'),
(657, 13, '2023-03-31 00:30:00'),
(658, 13, '2023-04-01 00:30:00'),
(659, 13, '2023-04-02 00:30:00'),
(660, 13, '2023-04-03 00:30:00'),
(661, 13, '2023-04-04 00:30:00'),
(662, 13, '2023-04-05 00:30:00'),
(663, 13, '2023-04-06 00:30:00'),
(664, 13, '2023-04-07 00:30:00'),
(665, 13, '2023-04-08 00:30:00'),
(666, 13, '2023-04-09 00:30:00'),
(667, 13, '2023-04-10 00:30:00'),
(668, 13, '2023-04-11 00:30:00'),
(669, 13, '2023-04-12 00:30:00'),
(670, 13, '2023-04-13 00:30:00'),
(671, 13, '2023-04-14 00:30:00'),
(672, 13, '2023-04-15 00:30:00'),
(673, 13, '2023-04-16 00:30:00'),
(674, 13, '2023-04-17 00:30:00'),
(675, 13, '2023-04-18 00:30:00'),
(676, 13, '2023-04-19 00:30:00'),
(677, 13, '2023-04-20 00:30:00'),
(678, 13, '2023-04-21 00:30:00'),
(679, 13, '2023-04-22 00:30:00'),
(680, 13, '2023-04-23 00:30:00'),
(681, 13, '2023-04-24 00:30:00'),
(682, 13, '2023-04-25 00:30:00'),
(683, 13, '2023-04-26 00:30:00'),
(684, 13, '2023-04-27 00:30:00'),
(685, 13, '2023-04-28 00:30:00'),
(686, 13, '2023-04-29 00:30:00'),
(687, 13, '2023-04-30 00:30:00'),
(688, 13, '2023-05-01 00:30:00'),
(689, 13, '2023-05-02 00:30:00'),
(690, 13, '2023-05-03 00:30:00'),
(691, 13, '2023-05-04 00:30:00'),
(692, 13, '2023-05-05 00:30:00'),
(693, 13, '2023-05-06 00:30:00'),
(694, 13, '2023-05-07 00:30:00'),
(695, 13, '2023-05-08 00:30:00'),
(696, 13, '2023-05-09 00:30:00'),
(697, 13, '2023-05-10 00:30:00'),
(698, 13, '2023-05-11 00:30:00'),
(699, 13, '2023-05-12 00:30:00'),
(700, 13, '2023-05-13 00:30:00'),
(701, 13, '2023-05-14 00:30:00'),
(702, 13, '2023-05-15 00:30:00'),
(703, 13, '2023-05-16 00:30:00'),
(704, 13, '2023-05-17 00:30:00'),
(705, 13, '2023-05-18 00:30:00'),
(706, 13, '2023-05-19 00:30:00'),
(707, 13, '2023-05-20 00:30:00'),
(708, 13, '2023-05-21 00:30:00'),
(709, 14, '2023-03-11 00:30:00'),
(710, 14, '2023-03-12 00:30:00'),
(711, 14, '2023-03-13 00:30:00'),
(712, 14, '2023-03-14 00:30:00'),
(713, 14, '2023-03-15 00:30:00'),
(714, 14, '2023-03-16 00:30:00'),
(715, 14, '2023-03-17 00:30:00'),
(716, 14, '2023-03-18 00:30:00'),
(717, 14, '2023-03-19 00:30:00'),
(718, 14, '2023-03-20 00:30:00'),
(719, 14, '2023-03-21 00:30:00'),
(720, 14, '2023-03-22 00:30:00'),
(721, 14, '2023-03-23 00:30:00'),
(722, 14, '2023-03-24 00:30:00'),
(723, 14, '2023-03-25 00:30:00'),
(724, 14, '2023-03-26 00:30:00'),
(725, 14, '2023-03-27 00:30:00'),
(726, 14, '2023-03-28 00:30:00'),
(727, 14, '2023-03-29 00:30:00'),
(728, 14, '2023-03-30 00:30:00'),
(729, 14, '2023-03-31 00:30:00'),
(730, 14, '2023-04-01 00:30:00'),
(731, 14, '2023-04-02 00:30:00'),
(732, 14, '2023-04-03 00:30:00'),
(733, 14, '2023-04-04 00:30:00'),
(734, 14, '2023-04-05 00:30:00'),
(735, 14, '2023-04-06 00:30:00'),
(736, 14, '2023-04-07 00:30:00'),
(737, 14, '2023-04-08 00:30:00'),
(738, 14, '2023-04-09 00:30:00'),
(739, 14, '2023-04-10 00:30:00'),
(740, 14, '2023-04-11 00:30:00'),
(741, 14, '2023-04-12 00:30:00'),
(742, 14, '2023-04-13 00:30:00'),
(743, 14, '2023-04-14 00:30:00'),
(744, 14, '2023-04-15 00:30:00'),
(745, 14, '2023-04-16 00:30:00'),
(746, 14, '2023-04-17 00:30:00'),
(747, 14, '2023-04-18 00:30:00'),
(748, 14, '2023-04-19 00:30:00'),
(749, 14, '2023-04-20 00:30:00'),
(750, 14, '2023-04-21 00:30:00'),
(751, 14, '2023-04-22 00:30:00'),
(752, 14, '2023-04-23 00:30:00'),
(753, 14, '2023-04-24 00:30:00'),
(754, 14, '2023-04-25 00:30:00'),
(755, 14, '2023-04-26 00:30:00'),
(756, 14, '2023-04-27 00:30:00'),
(757, 14, '2023-04-28 00:30:00'),
(758, 14, '2023-04-29 00:30:00'),
(759, 14, '2023-04-30 00:30:00'),
(760, 14, '2023-05-01 00:30:00'),
(761, 14, '2023-05-02 00:30:00'),
(762, 14, '2023-05-03 00:30:00'),
(763, 14, '2023-05-04 00:30:00'),
(764, 14, '2023-05-05 00:30:00'),
(765, 14, '2023-05-06 00:30:00'),
(766, 14, '2023-05-07 00:30:00'),
(767, 14, '2023-05-08 00:30:00'),
(768, 14, '2023-05-09 00:30:00'),
(769, 14, '2023-05-10 00:30:00'),
(770, 14, '2023-05-11 00:30:00'),
(771, 14, '2023-05-12 00:30:00'),
(772, 14, '2023-05-13 00:30:00'),
(773, 14, '2023-05-14 00:30:00'),
(774, 14, '2023-05-15 00:30:00'),
(775, 14, '2023-05-16 00:30:00'),
(776, 14, '2023-05-17 00:30:00'),
(777, 14, '2023-05-18 00:30:00'),
(778, 14, '2023-05-19 00:30:00'),
(779, 14, '2023-05-20 00:30:00'),
(780, 14, '2023-05-21 00:30:00'),
(781, 15, '2023-03-11 00:30:00'),
(782, 15, '2023-03-12 00:30:00'),
(783, 15, '2023-03-13 00:30:00'),
(784, 15, '2023-03-14 00:30:00'),
(785, 15, '2023-03-15 00:30:00'),
(786, 15, '2023-03-16 00:30:00'),
(787, 15, '2023-03-17 00:30:00'),
(788, 15, '2023-03-18 00:30:00'),
(789, 15, '2023-03-19 00:30:00'),
(790, 15, '2023-03-20 00:30:00'),
(791, 15, '2023-03-21 00:30:00'),
(792, 15, '2023-03-22 00:30:00'),
(793, 15, '2023-03-23 00:30:00'),
(794, 15, '2023-03-24 00:30:00'),
(795, 15, '2023-03-25 00:30:00'),
(796, 15, '2023-03-26 00:30:00'),
(797, 15, '2023-03-27 00:30:00'),
(798, 15, '2023-03-28 00:30:00'),
(799, 15, '2023-03-29 00:30:00'),
(800, 15, '2023-03-30 00:30:00'),
(801, 15, '2023-03-31 00:30:00'),
(802, 15, '2023-04-01 00:30:00'),
(803, 15, '2023-04-02 00:30:00'),
(804, 15, '2023-04-03 00:30:00'),
(805, 15, '2023-04-04 00:30:00'),
(806, 15, '2023-04-05 00:30:00'),
(807, 15, '2023-04-06 00:30:00'),
(808, 15, '2023-04-07 00:30:00'),
(809, 15, '2023-04-08 00:30:00'),
(810, 15, '2023-04-09 00:30:00'),
(811, 15, '2023-04-10 00:30:00'),
(812, 15, '2023-04-11 00:30:00'),
(813, 15, '2023-04-12 00:30:00'),
(814, 15, '2023-04-13 00:30:00'),
(815, 15, '2023-04-14 00:30:00'),
(816, 15, '2023-04-15 00:30:00'),
(817, 15, '2023-04-16 00:30:00'),
(818, 15, '2023-04-17 00:30:00'),
(819, 15, '2023-04-18 00:30:00'),
(820, 15, '2023-04-19 00:30:00'),
(821, 15, '2023-04-20 00:30:00'),
(822, 15, '2023-04-21 00:30:00'),
(823, 15, '2023-04-22 00:30:00'),
(824, 15, '2023-04-23 00:30:00'),
(825, 15, '2023-04-24 00:30:00'),
(826, 15, '2023-04-25 00:30:00'),
(827, 15, '2023-04-26 00:30:00'),
(828, 15, '2023-04-27 00:30:00'),
(829, 15, '2023-04-28 00:30:00'),
(830, 15, '2023-04-29 00:30:00'),
(831, 15, '2023-04-30 00:30:00'),
(832, 15, '2023-05-01 00:30:00'),
(833, 15, '2023-05-02 00:30:00'),
(834, 15, '2023-05-03 00:30:00'),
(835, 15, '2023-05-04 00:30:00'),
(836, 15, '2023-05-05 00:30:00'),
(837, 15, '2023-05-06 00:30:00'),
(838, 15, '2023-05-07 00:30:00'),
(839, 15, '2023-05-08 00:30:00'),
(840, 15, '2023-05-09 00:30:00'),
(841, 15, '2023-05-10 00:30:00'),
(842, 15, '2023-05-11 00:30:00'),
(843, 15, '2023-05-12 00:30:00'),
(844, 15, '2023-05-13 00:30:00'),
(845, 15, '2023-05-14 00:30:00'),
(846, 15, '2023-05-15 00:30:00'),
(847, 15, '2023-05-16 00:30:00'),
(848, 15, '2023-05-17 00:30:00'),
(849, 15, '2023-05-18 00:30:00'),
(850, 15, '2023-05-19 00:30:00'),
(851, 15, '2023-05-20 00:30:00'),
(852, 16, '2023-03-11 00:30:00'),
(853, 16, '2023-03-12 00:30:00'),
(854, 16, '2023-03-13 00:30:00'),
(855, 16, '2023-03-14 00:30:00'),
(856, 16, '2023-03-15 00:30:00'),
(857, 16, '2023-03-16 00:30:00'),
(858, 16, '2023-03-17 00:30:00'),
(859, 16, '2023-03-18 00:30:00'),
(860, 16, '2023-03-19 00:30:00'),
(861, 16, '2023-03-20 00:30:00'),
(862, 16, '2023-03-21 00:30:00'),
(863, 16, '2023-03-22 00:30:00'),
(864, 16, '2023-03-23 00:30:00'),
(865, 16, '2023-03-24 00:30:00'),
(866, 16, '2023-03-25 00:30:00'),
(867, 16, '2023-03-26 00:30:00'),
(868, 16, '2023-03-27 00:30:00'),
(869, 16, '2023-03-28 00:30:00'),
(870, 16, '2023-03-29 00:30:00'),
(871, 16, '2023-03-30 00:30:00'),
(872, 16, '2023-03-31 00:30:00'),
(873, 16, '2023-04-01 00:30:00'),
(874, 16, '2023-04-02 00:30:00'),
(875, 16, '2023-04-03 00:30:00'),
(876, 16, '2023-04-04 00:30:00'),
(877, 16, '2023-04-05 00:30:00'),
(878, 16, '2023-04-06 00:30:00'),
(879, 16, '2023-04-07 00:30:00'),
(880, 16, '2023-04-08 00:30:00'),
(881, 16, '2023-04-09 00:30:00'),
(882, 16, '2023-04-10 00:30:00'),
(883, 16, '2023-04-11 00:30:00'),
(884, 16, '2023-04-12 00:30:00'),
(885, 16, '2023-04-13 00:30:00'),
(886, 16, '2023-04-14 00:30:00'),
(887, 16, '2023-04-15 00:30:00'),
(888, 16, '2023-04-16 00:30:00'),
(889, 16, '2023-04-17 00:30:00'),
(890, 16, '2023-04-18 00:30:00'),
(891, 16, '2023-04-19 00:30:00'),
(892, 16, '2023-04-20 00:30:00'),
(893, 16, '2023-04-21 00:30:00'),
(894, 16, '2023-04-22 00:30:00'),
(895, 16, '2023-04-23 00:30:00'),
(896, 16, '2023-04-24 00:30:00'),
(897, 16, '2023-04-25 00:30:00'),
(898, 16, '2023-04-26 00:30:00'),
(899, 16, '2023-04-27 00:30:00'),
(900, 16, '2023-04-28 00:30:00'),
(901, 16, '2023-04-29 00:30:00'),
(902, 16, '2023-04-30 00:30:00'),
(903, 16, '2023-05-01 00:30:00'),
(904, 16, '2023-05-02 00:30:00'),
(905, 16, '2023-05-03 00:30:00'),
(906, 16, '2023-05-04 00:30:00'),
(907, 16, '2023-05-05 00:30:00'),
(908, 16, '2023-05-06 00:30:00'),
(909, 16, '2023-05-07 00:30:00'),
(910, 16, '2023-05-08 00:30:00'),
(911, 16, '2023-05-09 00:30:00'),
(912, 16, '2023-05-10 00:30:00'),
(913, 16, '2023-05-11 00:30:00'),
(914, 16, '2023-05-12 00:30:00'),
(915, 16, '2023-05-13 00:30:00'),
(916, 16, '2023-05-14 00:30:00'),
(917, 16, '2023-05-15 00:30:00'),
(918, 16, '2023-05-16 00:30:00'),
(919, 16, '2023-05-17 00:30:00'),
(920, 16, '2023-05-18 00:30:00'),
(921, 16, '2023-05-19 00:30:00'),
(922, 16, '2023-05-20 00:30:00'),
(923, 17, '2023-03-11 00:30:00'),
(924, 17, '2023-03-12 00:30:00'),
(925, 17, '2023-03-13 00:30:00'),
(926, 17, '2023-03-14 00:30:00'),
(927, 17, '2023-03-15 00:30:00'),
(928, 17, '2023-03-16 00:30:00'),
(929, 17, '2023-03-17 00:30:00'),
(930, 17, '2023-03-18 00:30:00'),
(931, 17, '2023-03-19 00:30:00'),
(932, 17, '2023-03-20 00:30:00'),
(933, 17, '2023-03-21 00:30:00'),
(934, 17, '2023-03-22 00:30:00'),
(935, 17, '2023-03-23 00:30:00'),
(936, 17, '2023-03-24 00:30:00'),
(937, 17, '2023-03-25 00:30:00'),
(938, 17, '2023-03-26 00:30:00'),
(939, 17, '2023-03-27 00:30:00'),
(940, 17, '2023-03-28 00:30:00'),
(941, 17, '2023-03-29 00:30:00'),
(942, 17, '2023-03-30 00:30:00'),
(943, 17, '2023-03-31 00:30:00'),
(944, 17, '2023-04-01 00:30:00'),
(945, 17, '2023-04-02 00:30:00'),
(946, 17, '2023-04-03 00:30:00'),
(947, 17, '2023-04-04 00:30:00'),
(948, 17, '2023-04-05 00:30:00'),
(949, 17, '2023-04-06 00:30:00'),
(950, 17, '2023-04-07 00:30:00'),
(951, 17, '2023-04-08 00:30:00'),
(952, 17, '2023-04-09 00:30:00'),
(953, 17, '2023-04-10 00:30:00'),
(954, 17, '2023-04-11 00:30:00'),
(955, 17, '2023-04-12 00:30:00'),
(956, 17, '2023-04-13 00:30:00'),
(957, 17, '2023-04-14 00:30:00'),
(958, 17, '2023-04-15 00:30:00'),
(959, 17, '2023-04-16 00:30:00'),
(960, 17, '2023-04-17 00:30:00'),
(961, 17, '2023-04-18 00:30:00'),
(962, 17, '2023-04-19 00:30:00'),
(963, 17, '2023-04-20 00:30:00'),
(964, 17, '2023-04-21 00:30:00'),
(965, 17, '2023-04-22 00:30:00'),
(966, 17, '2023-04-23 00:30:00'),
(967, 17, '2023-04-24 00:30:00'),
(968, 17, '2023-04-25 00:30:00'),
(969, 17, '2023-04-26 00:30:00'),
(970, 17, '2023-04-27 00:30:00'),
(971, 17, '2023-04-28 00:30:00'),
(972, 17, '2023-04-29 00:30:00'),
(973, 17, '2023-04-30 00:30:00'),
(974, 17, '2023-05-01 00:30:00'),
(975, 17, '2023-05-02 00:30:00'),
(976, 17, '2023-05-03 00:30:00'),
(977, 17, '2023-05-04 00:30:00'),
(978, 17, '2023-05-05 00:30:00'),
(979, 17, '2023-05-06 00:30:00'),
(980, 17, '2023-05-07 00:30:00'),
(981, 17, '2023-05-08 00:30:00'),
(982, 17, '2023-05-09 00:30:00'),
(983, 17, '2023-05-10 00:30:00'),
(984, 17, '2023-05-11 00:30:00'),
(985, 17, '2023-05-12 00:30:00'),
(986, 17, '2023-05-13 00:30:00'),
(987, 17, '2023-05-14 00:30:00'),
(988, 17, '2023-05-15 00:30:00'),
(989, 17, '2023-05-16 00:30:00'),
(990, 17, '2023-05-17 00:30:00'),
(991, 17, '2023-05-18 00:30:00'),
(992, 17, '2023-05-19 00:30:00'),
(993, 17, '2023-05-20 00:30:00'),
(994, 22, '2023-03-11 00:30:00'),
(995, 22, '2023-03-12 00:30:00'),
(996, 22, '2023-03-13 00:30:00'),
(997, 22, '2023-03-14 00:30:00'),
(998, 22, '2023-03-15 00:30:00'),
(999, 22, '2023-03-16 00:30:00'),
(1000, 22, '2023-03-17 00:30:00'),
(1001, 22, '2023-03-18 00:30:00'),
(1002, 22, '2023-03-19 00:30:00'),
(1003, 22, '2023-03-20 00:30:00'),
(1004, 22, '2023-03-21 00:30:00'),
(1005, 22, '2023-03-22 00:30:00'),
(1006, 22, '2023-03-23 00:30:00'),
(1007, 22, '2023-03-24 00:30:00'),
(1008, 22, '2023-03-25 00:30:00'),
(1009, 22, '2023-03-26 00:30:00'),
(1010, 22, '2023-03-27 00:30:00'),
(1011, 22, '2023-03-28 00:30:00'),
(1012, 22, '2023-03-29 00:30:00'),
(1013, 22, '2023-03-30 00:30:00'),
(1014, 22, '2023-03-31 00:30:00'),
(1015, 22, '2023-04-01 00:30:00'),
(1016, 22, '2023-04-02 00:30:00'),
(1017, 22, '2023-04-03 00:30:00'),
(1018, 22, '2023-04-04 00:30:00'),
(1019, 22, '2023-04-05 00:30:00'),
(1020, 22, '2023-04-06 00:30:00'),
(1021, 22, '2023-04-07 00:30:00'),
(1022, 22, '2023-04-08 00:30:00'),
(1023, 22, '2023-04-09 00:30:00'),
(1024, 22, '2023-04-10 00:30:00'),
(1025, 22, '2023-04-11 00:30:00'),
(1026, 22, '2023-04-12 00:30:00'),
(1027, 22, '2023-04-13 00:30:00'),
(1028, 22, '2023-04-14 00:30:00'),
(1029, 22, '2023-04-15 00:30:00'),
(1030, 22, '2023-04-16 00:30:00'),
(1031, 22, '2023-04-17 00:30:00'),
(1032, 22, '2023-04-18 00:30:00'),
(1033, 22, '2023-04-19 00:30:00'),
(1034, 22, '2023-04-20 00:30:00'),
(1035, 22, '2023-04-21 00:30:00'),
(1036, 22, '2023-04-22 00:30:00'),
(1037, 22, '2023-04-23 00:30:00'),
(1038, 22, '2023-04-24 00:30:00'),
(1039, 22, '2023-04-25 00:30:00'),
(1040, 22, '2023-04-26 00:30:00'),
(1041, 22, '2023-04-27 00:30:00'),
(1042, 22, '2023-04-28 00:30:00'),
(1043, 22, '2023-04-29 00:30:00'),
(1044, 22, '2023-04-30 00:30:00'),
(1045, 22, '2023-05-01 00:30:00'),
(1046, 22, '2023-05-02 00:30:00'),
(1047, 22, '2023-05-03 00:30:00'),
(1048, 22, '2023-05-04 00:30:00'),
(1049, 22, '2023-05-05 00:30:00'),
(1050, 22, '2023-05-06 00:30:00'),
(1051, 22, '2023-05-07 00:30:00'),
(1052, 22, '2023-05-08 00:30:00'),
(1053, 22, '2023-05-09 00:30:00'),
(1054, 22, '2023-05-10 00:30:00'),
(1055, 22, '2023-05-11 00:30:00'),
(1056, 22, '2023-05-12 00:30:00'),
(1057, 22, '2023-05-13 00:30:00'),
(1058, 22, '2023-05-14 00:30:00'),
(1059, 22, '2023-05-15 00:30:00'),
(1060, 22, '2023-05-16 00:30:00'),
(1061, 22, '2023-05-17 00:30:00'),
(1062, 22, '2023-05-18 00:30:00'),
(1063, 22, '2023-05-19 00:30:00'),
(1064, 23, '2023-03-11 00:30:00'),
(1065, 23, '2023-03-12 00:30:00'),
(1066, 23, '2023-03-13 00:30:00'),
(1067, 23, '2023-03-14 00:30:00'),
(1068, 23, '2023-03-15 00:30:00'),
(1069, 23, '2023-03-16 00:30:00'),
(1070, 23, '2023-03-17 00:30:00'),
(1071, 23, '2023-03-18 00:30:00'),
(1072, 23, '2023-03-19 00:30:00'),
(1073, 23, '2023-03-20 00:30:00'),
(1074, 23, '2023-03-21 00:30:00'),
(1075, 23, '2023-03-22 00:30:00'),
(1076, 23, '2023-03-23 00:30:00'),
(1077, 23, '2023-03-24 00:30:00'),
(1078, 23, '2023-03-25 00:30:00'),
(1079, 23, '2023-03-26 00:30:00'),
(1080, 23, '2023-03-27 00:30:00'),
(1081, 23, '2023-03-28 00:30:00'),
(1082, 23, '2023-03-29 00:30:00'),
(1083, 23, '2023-03-30 00:30:00'),
(1084, 23, '2023-03-31 00:30:00'),
(1085, 23, '2023-04-01 00:30:00'),
(1086, 23, '2023-04-02 00:30:00'),
(1087, 23, '2023-04-03 00:30:00'),
(1088, 23, '2023-04-04 00:30:00'),
(1089, 23, '2023-04-05 00:30:00'),
(1090, 23, '2023-04-06 00:30:00'),
(1091, 23, '2023-04-07 00:30:00'),
(1092, 23, '2023-04-08 00:30:00'),
(1093, 23, '2023-04-09 00:30:00'),
(1094, 23, '2023-04-10 00:30:00'),
(1095, 23, '2023-04-11 00:30:00'),
(1096, 23, '2023-04-12 00:30:00'),
(1097, 23, '2023-04-13 00:30:00'),
(1098, 23, '2023-04-14 00:30:00'),
(1099, 23, '2023-04-15 00:30:00'),
(1100, 23, '2023-04-16 00:30:00'),
(1101, 23, '2023-04-17 00:30:00'),
(1102, 23, '2023-04-18 00:30:00'),
(1103, 23, '2023-04-19 00:30:00'),
(1104, 23, '2023-04-20 00:30:00'),
(1105, 23, '2023-04-21 00:30:00'),
(1106, 23, '2023-04-22 00:30:00'),
(1107, 23, '2023-04-23 00:30:00'),
(1108, 23, '2023-04-24 00:30:00'),
(1109, 23, '2023-04-25 00:30:00'),
(1110, 23, '2023-04-26 00:30:00'),
(1111, 23, '2023-04-27 00:30:00'),
(1112, 23, '2023-04-28 00:30:00'),
(1113, 23, '2023-04-29 00:30:00'),
(1114, 23, '2023-04-30 00:30:00'),
(1115, 23, '2023-05-01 00:30:00'),
(1116, 23, '2023-05-02 00:30:00'),
(1117, 23, '2023-05-03 00:30:00'),
(1118, 23, '2023-05-04 00:30:00'),
(1119, 23, '2023-05-05 00:30:00'),
(1120, 23, '2023-05-06 00:30:00'),
(1121, 23, '2023-05-07 00:30:00'),
(1122, 23, '2023-05-08 00:30:00'),
(1123, 23, '2023-05-09 00:30:00'),
(1124, 23, '2023-05-10 00:30:00'),
(1125, 23, '2023-05-11 00:30:00'),
(1126, 23, '2023-05-12 00:30:00'),
(1127, 23, '2023-05-13 00:30:00'),
(1128, 23, '2023-05-14 00:30:00'),
(1129, 23, '2023-05-15 00:30:00'),
(1130, 23, '2023-05-16 00:30:00'),
(1131, 23, '2023-05-17 00:30:00'),
(1132, 23, '2023-05-18 00:30:00'),
(1133, 23, '2023-05-19 00:30:00'),
(1134, 23, '2023-05-20 00:30:00'),
(1135, 23, '2023-05-21 00:30:00'),
(1136, 24, '2023-03-11 00:30:00'),
(1137, 24, '2023-03-12 00:30:00'),
(1138, 24, '2023-03-13 00:30:00'),
(1139, 24, '2023-03-14 00:30:00'),
(1140, 24, '2023-03-15 00:30:00'),
(1141, 24, '2023-03-16 00:30:00'),
(1142, 24, '2023-03-17 00:30:00'),
(1143, 24, '2023-03-18 00:30:00'),
(1144, 24, '2023-03-19 00:30:00'),
(1145, 24, '2023-03-20 00:30:00'),
(1146, 24, '2023-03-21 00:30:00'),
(1147, 24, '2023-03-22 00:30:00'),
(1148, 24, '2023-03-23 00:30:00'),
(1149, 24, '2023-03-24 00:30:00'),
(1150, 24, '2023-03-25 00:30:00'),
(1151, 24, '2023-03-26 00:30:00'),
(1152, 24, '2023-03-27 00:30:00'),
(1153, 24, '2023-03-28 00:30:00'),
(1154, 24, '2023-03-29 00:30:00'),
(1155, 24, '2023-03-30 00:30:00'),
(1156, 24, '2023-03-31 00:30:00'),
(1157, 24, '2023-04-01 00:30:00'),
(1158, 24, '2023-04-02 00:30:00'),
(1159, 24, '2023-04-03 00:30:00'),
(1160, 24, '2023-04-04 00:30:00'),
(1161, 24, '2023-04-05 00:30:00'),
(1162, 24, '2023-04-06 00:30:00'),
(1163, 24, '2023-04-07 00:30:00'),
(1164, 24, '2023-04-08 00:30:00'),
(1165, 24, '2023-04-09 00:30:00'),
(1166, 24, '2023-04-10 00:30:00'),
(1167, 24, '2023-04-11 00:30:00'),
(1168, 24, '2023-04-12 00:30:00'),
(1169, 24, '2023-04-13 00:30:00'),
(1170, 24, '2023-04-14 00:30:00'),
(1171, 24, '2023-04-15 00:30:00'),
(1172, 24, '2023-04-16 00:30:00'),
(1173, 24, '2023-04-17 00:30:00'),
(1174, 24, '2023-04-18 00:30:00'),
(1175, 24, '2023-04-19 00:30:00'),
(1176, 24, '2023-04-20 00:30:00'),
(1177, 24, '2023-04-21 00:30:00'),
(1178, 24, '2023-04-22 00:30:00'),
(1179, 24, '2023-04-23 00:30:00'),
(1180, 24, '2023-04-24 00:30:00'),
(1181, 24, '2023-04-25 00:30:00'),
(1182, 24, '2023-04-26 00:30:00'),
(1183, 24, '2023-04-27 00:30:00'),
(1184, 24, '2023-04-28 00:30:00'),
(1185, 24, '2023-04-29 00:30:00'),
(1186, 24, '2023-04-30 00:30:00'),
(1187, 24, '2023-05-01 00:30:00'),
(1188, 24, '2023-05-02 00:30:00'),
(1189, 24, '2023-05-03 00:30:00'),
(1190, 24, '2023-05-04 00:30:00'),
(1191, 24, '2023-05-05 00:30:00'),
(1192, 24, '2023-05-06 00:30:00'),
(1193, 24, '2023-05-07 00:30:00'),
(1194, 24, '2023-05-08 00:30:00'),
(1195, 24, '2023-05-09 00:30:00'),
(1196, 24, '2023-05-10 00:30:00'),
(1197, 24, '2023-05-11 00:30:00'),
(1198, 24, '2023-05-12 00:30:00'),
(1199, 24, '2023-05-13 00:30:00'),
(1200, 24, '2023-05-14 00:30:00'),
(1201, 24, '2023-05-15 00:30:00'),
(1202, 24, '2023-05-16 00:30:00'),
(1203, 24, '2023-05-17 00:30:00'),
(1204, 24, '2023-05-18 00:30:00'),
(1205, 24, '2023-05-19 00:30:00'),
(1206, 24, '2023-05-20 00:30:00'),
(1207, 24, '2023-05-21 00:30:00'),
(1208, 25, '2023-03-11 00:30:00'),
(1209, 25, '2023-03-12 00:30:00'),
(1210, 25, '2023-03-13 00:30:00'),
(1211, 25, '2023-03-14 00:30:00'),
(1212, 25, '2023-03-15 00:30:00'),
(1213, 25, '2023-03-16 00:30:00'),
(1214, 25, '2023-03-17 00:30:00'),
(1215, 25, '2023-03-18 00:30:00'),
(1216, 25, '2023-03-19 00:30:00'),
(1217, 25, '2023-03-20 00:30:00'),
(1218, 25, '2023-03-21 00:30:00'),
(1219, 25, '2023-03-22 00:30:00'),
(1220, 25, '2023-03-23 00:30:00'),
(1221, 25, '2023-03-24 00:30:00'),
(1222, 25, '2023-03-25 00:30:00'),
(1223, 25, '2023-03-26 00:30:00'),
(1224, 25, '2023-03-27 00:30:00'),
(1225, 25, '2023-03-28 00:30:00'),
(1226, 25, '2023-03-29 00:30:00'),
(1227, 25, '2023-03-30 00:30:00'),
(1228, 25, '2023-03-31 00:30:00'),
(1229, 25, '2023-04-01 00:30:00'),
(1230, 25, '2023-04-02 00:30:00'),
(1231, 25, '2023-04-03 00:30:00'),
(1232, 25, '2023-04-04 00:30:00'),
(1233, 25, '2023-04-05 00:30:00'),
(1234, 25, '2023-04-06 00:30:00'),
(1235, 25, '2023-04-07 00:30:00'),
(1236, 25, '2023-04-08 00:30:00'),
(1237, 25, '2023-04-09 00:30:00'),
(1238, 25, '2023-04-10 00:30:00'),
(1239, 25, '2023-04-11 00:30:00'),
(1240, 25, '2023-04-12 00:30:00'),
(1241, 25, '2023-04-13 00:30:00'),
(1242, 25, '2023-04-14 00:30:00'),
(1243, 25, '2023-04-15 00:30:00'),
(1244, 25, '2023-04-16 00:30:00'),
(1245, 25, '2023-04-17 00:30:00'),
(1246, 25, '2023-04-18 00:30:00'),
(1247, 25, '2023-04-19 00:30:00'),
(1248, 25, '2023-04-20 00:30:00'),
(1249, 25, '2023-04-21 00:30:00'),
(1250, 25, '2023-04-22 00:30:00'),
(1251, 25, '2023-04-23 00:30:00'),
(1252, 25, '2023-04-24 00:30:00'),
(1253, 25, '2023-04-25 00:30:00'),
(1254, 25, '2023-04-26 00:30:00'),
(1255, 25, '2023-04-27 00:30:00'),
(1256, 25, '2023-04-28 00:30:00'),
(1257, 25, '2023-04-29 00:30:00'),
(1258, 25, '2023-04-30 00:30:00'),
(1259, 25, '2023-05-01 00:30:00'),
(1260, 25, '2023-05-02 00:30:00'),
(1261, 25, '2023-05-03 00:30:00'),
(1262, 25, '2023-05-04 00:30:00'),
(1263, 25, '2023-05-05 00:30:00'),
(1264, 25, '2023-05-06 00:30:00'),
(1265, 25, '2023-05-07 00:30:00'),
(1266, 25, '2023-05-08 00:30:00'),
(1267, 25, '2023-05-09 00:30:00'),
(1268, 25, '2023-05-10 00:30:00'),
(1269, 25, '2023-05-11 00:30:00'),
(1270, 25, '2023-05-12 00:30:00'),
(1271, 25, '2023-05-13 00:30:00'),
(1272, 25, '2023-05-14 00:30:00'),
(1273, 25, '2023-05-15 00:30:00'),
(1274, 25, '2023-05-16 00:30:00'),
(1275, 25, '2023-05-17 00:30:00'),
(1276, 25, '2023-05-18 00:30:00'),
(1277, 25, '2023-05-19 00:30:00'),
(1278, 25, '2023-05-20 00:30:00'),
(1279, 25, '2023-05-21 00:30:00'),
(1280, 26, '2023-03-11 00:30:00'),
(1281, 26, '2023-03-12 00:30:00'),
(1282, 26, '2023-03-13 00:30:00'),
(1283, 26, '2023-03-14 00:30:00'),
(1284, 26, '2023-03-15 00:30:00'),
(1285, 26, '2023-03-16 00:30:00'),
(1286, 26, '2023-03-17 00:30:00'),
(1287, 26, '2023-03-18 00:30:00'),
(1288, 26, '2023-03-19 00:30:00'),
(1289, 26, '2023-03-20 00:30:00'),
(1290, 26, '2023-03-21 00:30:00'),
(1291, 26, '2023-03-22 00:30:00'),
(1292, 26, '2023-03-23 00:30:00'),
(1293, 26, '2023-03-24 00:30:00'),
(1294, 26, '2023-03-25 00:30:00'),
(1295, 26, '2023-03-26 00:30:00'),
(1296, 26, '2023-03-27 00:30:00'),
(1297, 26, '2023-03-28 00:30:00'),
(1298, 26, '2023-03-29 00:30:00'),
(1299, 26, '2023-03-30 00:30:00'),
(1300, 26, '2023-03-31 00:30:00'),
(1301, 26, '2023-04-01 00:30:00'),
(1302, 26, '2023-04-02 00:30:00'),
(1303, 26, '2023-04-03 00:30:00'),
(1304, 26, '2023-04-04 00:30:00'),
(1305, 26, '2023-04-05 00:30:00'),
(1306, 26, '2023-04-06 00:30:00'),
(1307, 26, '2023-04-07 00:30:00'),
(1308, 26, '2023-04-08 00:30:00'),
(1309, 26, '2023-04-09 00:30:00'),
(1310, 26, '2023-04-10 00:30:00'),
(1311, 26, '2023-04-11 00:30:00'),
(1312, 26, '2023-04-12 00:30:00'),
(1313, 26, '2023-04-13 00:30:00'),
(1314, 26, '2023-04-14 00:30:00'),
(1315, 26, '2023-04-15 00:30:00'),
(1316, 26, '2023-04-16 00:30:00'),
(1317, 26, '2023-04-17 00:30:00'),
(1318, 26, '2023-04-18 00:30:00'),
(1319, 26, '2023-04-19 00:30:00'),
(1320, 26, '2023-04-20 00:30:00'),
(1321, 26, '2023-04-21 00:30:00'),
(1322, 26, '2023-04-22 00:30:00'),
(1323, 26, '2023-04-23 00:30:00'),
(1324, 26, '2023-04-24 00:30:00'),
(1325, 26, '2023-04-25 00:30:00'),
(1326, 26, '2023-04-26 00:30:00'),
(1327, 26, '2023-04-27 00:30:00'),
(1328, 26, '2023-04-28 00:30:00'),
(1329, 26, '2023-04-29 00:30:00'),
(1330, 26, '2023-04-30 00:30:00'),
(1331, 26, '2023-05-01 00:30:00'),
(1332, 26, '2023-05-02 00:30:00'),
(1333, 26, '2023-05-03 00:30:00'),
(1334, 26, '2023-05-04 00:30:00'),
(1335, 26, '2023-05-05 00:30:00'),
(1336, 26, '2023-05-06 00:30:00'),
(1337, 26, '2023-05-07 00:30:00'),
(1338, 26, '2023-05-08 00:30:00'),
(1339, 26, '2023-05-09 00:30:00'),
(1340, 26, '2023-05-10 00:30:00'),
(1341, 26, '2023-05-11 00:30:00'),
(1342, 26, '2023-05-12 00:30:00'),
(1343, 26, '2023-05-13 00:30:00'),
(1344, 26, '2023-05-14 00:30:00'),
(1345, 26, '2023-05-15 00:30:00'),
(1346, 26, '2023-05-16 00:30:00'),
(1347, 27, '2023-03-11 00:30:00'),
(1348, 27, '2023-03-12 00:30:00'),
(1349, 27, '2023-03-13 00:30:00'),
(1350, 27, '2023-03-14 00:30:00'),
(1351, 27, '2023-03-15 00:30:00'),
(1352, 27, '2023-03-16 00:30:00'),
(1353, 27, '2023-03-17 00:30:00'),
(1354, 27, '2023-03-18 00:30:00'),
(1355, 27, '2023-03-19 00:30:00'),
(1356, 27, '2023-03-20 00:30:00'),
(1357, 27, '2023-03-21 00:30:00'),
(1358, 27, '2023-03-22 00:30:00'),
(1359, 27, '2023-03-23 00:30:00'),
(1360, 27, '2023-03-24 00:30:00'),
(1361, 27, '2023-03-25 00:30:00'),
(1362, 27, '2023-03-26 00:30:00'),
(1363, 27, '2023-03-27 00:30:00'),
(1364, 27, '2023-03-28 00:30:00'),
(1365, 27, '2023-03-29 00:30:00'),
(1366, 27, '2023-03-30 00:30:00'),
(1367, 27, '2023-03-31 00:30:00'),
(1368, 27, '2023-04-01 00:30:00'),
(1369, 27, '2023-04-02 00:30:00'),
(1370, 27, '2023-04-03 00:30:00'),
(1371, 27, '2023-04-04 00:30:00'),
(1372, 27, '2023-04-05 00:30:00'),
(1373, 27, '2023-04-06 00:30:00'),
(1374, 27, '2023-04-07 00:30:00'),
(1375, 27, '2023-04-08 00:30:00'),
(1376, 27, '2023-04-09 00:30:00'),
(1377, 27, '2023-04-10 00:30:00'),
(1378, 27, '2023-04-11 00:30:00'),
(1379, 27, '2023-04-12 00:30:00'),
(1380, 27, '2023-04-13 00:30:00'),
(1381, 27, '2023-04-14 00:30:00'),
(1382, 27, '2023-04-15 00:30:00'),
(1383, 27, '2023-04-16 00:30:00'),
(1384, 27, '2023-04-17 00:30:00'),
(1385, 27, '2023-04-18 00:30:00'),
(1386, 27, '2023-04-19 00:30:00'),
(1387, 27, '2023-04-20 00:30:00'),
(1388, 27, '2023-04-21 00:30:00'),
(1389, 27, '2023-04-22 00:30:00'),
(1390, 27, '2023-04-23 00:30:00'),
(1391, 27, '2023-04-24 00:30:00'),
(1392, 27, '2023-04-25 00:30:00'),
(1393, 27, '2023-04-26 00:30:00'),
(1394, 27, '2023-04-27 00:30:00'),
(1395, 27, '2023-04-28 00:30:00'),
(1396, 27, '2023-04-29 00:30:00'),
(1397, 27, '2023-04-30 00:30:00'),
(1398, 27, '2023-05-01 00:30:00'),
(1399, 27, '2023-05-02 00:30:00'),
(1400, 27, '2023-05-03 00:30:00'),
(1401, 27, '2023-05-04 00:30:00'),
(1402, 27, '2023-05-05 00:30:00'),
(1403, 27, '2023-05-06 00:30:00'),
(1404, 27, '2023-05-07 00:30:00'),
(1405, 27, '2023-05-08 00:30:00'),
(1406, 27, '2023-05-09 00:30:00'),
(1407, 27, '2023-05-10 00:30:00'),
(1408, 27, '2023-05-11 00:30:00'),
(1409, 27, '2023-05-12 00:30:00'),
(1410, 27, '2023-05-13 00:30:00'),
(1411, 27, '2023-05-14 00:30:00'),
(1412, 27, '2023-05-15 00:30:00'),
(1413, 27, '2023-05-16 00:30:00'),
(1414, 27, '2023-05-17 00:30:00'),
(1415, 27, '2023-05-18 00:30:00'),
(1416, 27, '2023-05-19 00:30:00'),
(1417, 27, '2023-05-20 00:30:00'),
(1418, 27, '2023-05-21 00:30:00'),
(1419, 28, '2023-03-11 00:30:00'),
(1420, 28, '2023-03-12 00:30:00'),
(1421, 28, '2023-03-13 00:30:00'),
(1422, 28, '2023-03-14 00:30:00'),
(1423, 28, '2023-03-15 00:30:00'),
(1424, 28, '2023-03-16 00:30:00'),
(1425, 28, '2023-03-17 00:30:00'),
(1426, 28, '2023-03-18 00:30:00'),
(1427, 28, '2023-03-19 00:30:00'),
(1428, 28, '2023-03-20 00:30:00'),
(1429, 28, '2023-03-21 00:30:00'),
(1430, 28, '2023-03-22 00:30:00'),
(1431, 28, '2023-03-23 00:30:00'),
(1432, 28, '2023-03-24 00:30:00'),
(1433, 28, '2023-03-25 00:30:00'),
(1434, 28, '2023-03-26 00:30:00'),
(1435, 28, '2023-03-27 00:30:00'),
(1436, 28, '2023-03-28 00:30:00'),
(1437, 28, '2023-03-29 00:30:00'),
(1438, 28, '2023-03-30 00:30:00'),
(1439, 28, '2023-03-31 00:30:00'),
(1440, 28, '2023-04-01 00:30:00'),
(1441, 28, '2023-04-02 00:30:00'),
(1442, 28, '2023-04-03 00:30:00'),
(1443, 28, '2023-04-04 00:30:00'),
(1444, 28, '2023-04-05 00:30:00'),
(1445, 28, '2023-04-06 00:30:00'),
(1446, 28, '2023-04-07 00:30:00'),
(1447, 28, '2023-04-08 00:30:00'),
(1448, 28, '2023-04-09 00:30:00'),
(1449, 28, '2023-04-10 00:30:00'),
(1450, 28, '2023-04-11 00:30:00'),
(1451, 28, '2023-04-12 00:30:00'),
(1452, 28, '2023-04-13 00:30:00'),
(1453, 28, '2023-04-14 00:30:00'),
(1454, 28, '2023-04-15 00:30:00'),
(1455, 28, '2023-04-16 00:30:00'),
(1456, 28, '2023-04-17 00:30:00'),
(1457, 28, '2023-04-18 00:30:00'),
(1458, 28, '2023-04-19 00:30:00'),
(1459, 28, '2023-04-20 00:30:00'),
(1460, 28, '2023-04-21 00:30:00'),
(1461, 28, '2023-04-22 00:30:00'),
(1462, 28, '2023-04-23 00:30:00'),
(1463, 28, '2023-04-24 00:30:00'),
(1464, 28, '2023-04-25 00:30:00'),
(1465, 28, '2023-04-26 00:30:00'),
(1466, 28, '2023-04-27 00:30:00'),
(1467, 28, '2023-04-28 00:30:00'),
(1468, 28, '2023-04-29 00:30:00'),
(1469, 28, '2023-04-30 00:30:00'),
(1470, 28, '2023-05-01 00:30:00'),
(1471, 28, '2023-05-02 00:30:00'),
(1472, 28, '2023-05-03 00:30:00'),
(1473, 28, '2023-05-04 00:30:00'),
(1474, 28, '2023-05-05 00:30:00'),
(1475, 28, '2023-05-06 00:30:00'),
(1476, 28, '2023-05-07 00:30:00'),
(1477, 28, '2023-05-08 00:30:00'),
(1478, 28, '2023-05-09 00:30:00'),
(1479, 28, '2023-05-10 00:30:00'),
(1480, 28, '2023-05-11 00:30:00'),
(1481, 28, '2023-05-12 00:30:00'),
(1482, 28, '2023-05-13 00:30:00'),
(1483, 28, '2023-05-14 00:30:00'),
(1484, 28, '2023-05-15 00:30:00'),
(1485, 28, '2023-05-16 00:30:00'),
(1486, 28, '2023-05-17 00:30:00'),
(1487, 28, '2023-05-18 00:30:00'),
(1488, 28, '2023-05-19 00:30:00'),
(1489, 28, '2023-05-20 00:30:00'),
(1490, 28, '2023-05-21 00:30:00'),
(1491, 29, '2023-03-11 00:30:00'),
(1492, 29, '2023-03-12 00:30:00'),
(1493, 29, '2023-03-13 00:30:00'),
(1494, 29, '2023-03-14 00:30:00'),
(1495, 29, '2023-03-15 00:30:00'),
(1496, 29, '2023-03-16 00:30:00'),
(1497, 29, '2023-03-17 00:30:00'),
(1498, 29, '2023-03-18 00:30:00'),
(1499, 29, '2023-03-19 00:30:00'),
(1500, 29, '2023-03-20 00:30:00'),
(1501, 29, '2023-03-21 00:30:00'),
(1502, 29, '2023-03-22 00:30:00'),
(1503, 29, '2023-03-23 00:30:00'),
(1504, 29, '2023-03-24 00:30:00'),
(1505, 29, '2023-03-25 00:30:00'),
(1506, 29, '2023-03-26 00:30:00'),
(1507, 29, '2023-03-27 00:30:00'),
(1508, 29, '2023-03-28 00:30:00'),
(1509, 29, '2023-03-29 00:30:00'),
(1510, 29, '2023-03-30 00:30:00'),
(1511, 29, '2023-03-31 00:30:00'),
(1512, 29, '2023-04-01 00:30:00'),
(1513, 29, '2023-04-02 00:30:00'),
(1514, 29, '2023-04-03 00:30:00'),
(1515, 29, '2023-04-04 00:30:00'),
(1516, 29, '2023-04-05 00:30:00'),
(1517, 29, '2023-04-06 00:30:00'),
(1518, 29, '2023-04-07 00:30:00'),
(1519, 29, '2023-04-08 00:30:00'),
(1520, 29, '2023-04-09 00:30:00'),
(1521, 29, '2023-04-10 00:30:00'),
(1522, 29, '2023-04-11 00:30:00'),
(1523, 29, '2023-04-12 00:30:00'),
(1524, 29, '2023-04-13 00:30:00'),
(1525, 29, '2023-04-14 00:30:00'),
(1526, 29, '2023-04-15 00:30:00'),
(1527, 29, '2023-04-16 00:30:00'),
(1528, 29, '2023-04-17 00:30:00'),
(1529, 29, '2023-04-18 00:30:00'),
(1530, 29, '2023-04-19 00:30:00'),
(1531, 29, '2023-04-20 00:30:00'),
(1532, 29, '2023-04-21 00:30:00'),
(1533, 29, '2023-04-22 00:30:00'),
(1534, 29, '2023-04-23 00:30:00'),
(1535, 29, '2023-04-24 00:30:00'),
(1536, 29, '2023-04-25 00:30:00'),
(1537, 29, '2023-04-26 00:30:00'),
(1538, 29, '2023-04-27 00:30:00'),
(1539, 29, '2023-04-28 00:30:00'),
(1540, 29, '2023-04-29 00:30:00'),
(1541, 29, '2023-04-30 00:30:00'),
(1542, 29, '2023-05-01 00:30:00'),
(1543, 29, '2023-05-02 00:30:00'),
(1544, 29, '2023-05-03 00:30:00'),
(1545, 29, '2023-05-04 00:30:00'),
(1546, 29, '2023-05-05 00:30:00'),
(1547, 29, '2023-05-06 00:30:00'),
(1548, 29, '2023-05-07 00:30:00'),
(1549, 29, '2023-05-08 00:30:00'),
(1550, 29, '2023-05-09 00:30:00'),
(1551, 29, '2023-05-10 00:30:00'),
(1552, 29, '2023-05-11 00:30:00'),
(1553, 29, '2023-05-12 00:30:00'),
(1554, 30, '2023-03-11 00:30:00'),
(1555, 30, '2023-03-12 00:30:00'),
(1556, 30, '2023-03-13 00:30:00'),
(1557, 30, '2023-03-14 00:30:00'),
(1558, 30, '2023-03-15 00:30:00'),
(1559, 30, '2023-03-16 00:30:00'),
(1560, 30, '2023-03-17 00:30:00');
INSERT INTO `absensiguru` (`id_absensiguru`, `id_guru`, `waktu`) VALUES
(1561, 30, '2023-03-18 00:30:00'),
(1562, 30, '2023-03-19 00:30:00'),
(1563, 30, '2023-03-20 00:30:00'),
(1564, 30, '2023-03-21 00:30:00'),
(1565, 30, '2023-03-22 00:30:00'),
(1566, 30, '2023-03-23 00:30:00'),
(1567, 30, '2023-03-24 00:30:00'),
(1568, 30, '2023-03-25 00:30:00'),
(1569, 30, '2023-03-26 00:30:00'),
(1570, 30, '2023-03-27 00:30:00'),
(1571, 30, '2023-03-28 00:30:00'),
(1572, 30, '2023-03-29 00:30:00'),
(1573, 30, '2023-03-30 00:30:00'),
(1574, 30, '2023-03-31 00:30:00'),
(1575, 30, '2023-04-01 00:30:00'),
(1576, 30, '2023-04-02 00:30:00'),
(1577, 30, '2023-04-03 00:30:00'),
(1578, 30, '2023-04-04 00:30:00'),
(1579, 30, '2023-04-05 00:30:00'),
(1580, 30, '2023-04-06 00:30:00'),
(1581, 30, '2023-04-07 00:30:00'),
(1582, 30, '2023-04-08 00:30:00'),
(1583, 30, '2023-04-09 00:30:00'),
(1584, 30, '2023-04-10 00:30:00'),
(1585, 30, '2023-04-11 00:30:00'),
(1586, 30, '2023-04-12 00:30:00'),
(1587, 30, '2023-04-13 00:30:00'),
(1588, 30, '2023-04-14 00:30:00'),
(1589, 30, '2023-04-15 00:30:00'),
(1590, 30, '2023-04-16 00:30:00'),
(1591, 30, '2023-04-17 00:30:00'),
(1592, 30, '2023-04-18 00:30:00'),
(1593, 30, '2023-04-19 00:30:00'),
(1594, 30, '2023-04-20 00:30:00'),
(1595, 30, '2023-04-21 00:30:00'),
(1596, 30, '2023-04-22 00:30:00'),
(1597, 30, '2023-04-23 00:30:00'),
(1598, 30, '2023-04-24 00:30:00'),
(1599, 30, '2023-04-25 00:30:00'),
(1600, 30, '2023-04-26 00:30:00'),
(1601, 30, '2023-04-27 00:30:00'),
(1602, 30, '2023-04-28 00:30:00'),
(1603, 30, '2023-04-29 00:30:00'),
(1604, 30, '2023-04-30 00:30:00'),
(1605, 30, '2023-05-01 00:30:00'),
(1606, 30, '2023-05-02 00:30:00'),
(1607, 30, '2023-05-03 00:30:00'),
(1608, 30, '2023-05-04 00:30:00'),
(1609, 30, '2023-05-05 00:30:00'),
(1610, 30, '2023-05-06 00:30:00'),
(1611, 30, '2023-05-07 00:30:00'),
(1612, 30, '2023-05-08 00:30:00'),
(1613, 30, '2023-05-09 00:30:00'),
(1614, 30, '2023-05-10 00:30:00'),
(1615, 30, '2023-05-11 00:30:00'),
(1616, 31, '2023-03-11 00:30:00'),
(1617, 31, '2023-03-12 00:30:00'),
(1618, 31, '2023-03-13 00:30:00'),
(1619, 31, '2023-03-14 00:30:00'),
(1620, 31, '2023-03-15 00:30:00'),
(1621, 31, '2023-03-16 00:30:00'),
(1622, 31, '2023-03-17 00:30:00'),
(1623, 31, '2023-03-18 00:30:00'),
(1624, 31, '2023-03-19 00:30:00'),
(1625, 31, '2023-03-20 00:30:00'),
(1626, 31, '2023-03-21 00:30:00'),
(1627, 31, '2023-03-22 00:30:00'),
(1628, 31, '2023-03-23 00:30:00'),
(1629, 31, '2023-03-24 00:30:00'),
(1630, 31, '2023-03-25 00:30:00'),
(1631, 31, '2023-03-26 00:30:00'),
(1632, 31, '2023-03-27 00:30:00'),
(1633, 31, '2023-03-28 00:30:00'),
(1634, 31, '2023-03-29 00:30:00'),
(1635, 31, '2023-03-30 00:30:00'),
(1636, 31, '2023-03-31 00:30:00'),
(1637, 31, '2023-04-01 00:30:00'),
(1638, 31, '2023-04-02 00:30:00'),
(1639, 31, '2023-04-03 00:30:00'),
(1640, 31, '2023-04-04 00:30:00'),
(1641, 31, '2023-04-05 00:30:00'),
(1642, 31, '2023-04-06 00:30:00'),
(1643, 31, '2023-04-07 00:30:00'),
(1644, 31, '2023-04-08 00:30:00'),
(1645, 31, '2023-04-09 00:30:00'),
(1646, 31, '2023-04-10 00:30:00'),
(1647, 31, '2023-04-11 00:30:00'),
(1648, 31, '2023-04-12 00:30:00'),
(1649, 31, '2023-04-13 00:30:00'),
(1650, 31, '2023-04-14 00:30:00'),
(1651, 31, '2023-04-15 00:30:00'),
(1652, 31, '2023-04-16 00:30:00'),
(1653, 31, '2023-04-17 00:30:00'),
(1654, 31, '2023-04-18 00:30:00'),
(1655, 31, '2023-04-19 00:30:00'),
(1656, 31, '2023-04-20 00:30:00'),
(1657, 31, '2023-04-21 00:30:00'),
(1658, 31, '2023-04-22 00:30:00'),
(1659, 31, '2023-04-23 00:30:00'),
(1660, 31, '2023-04-24 00:30:00'),
(1661, 31, '2023-04-25 00:30:00'),
(1662, 31, '2023-04-26 00:30:00'),
(1663, 31, '2023-04-27 00:30:00'),
(1664, 31, '2023-04-28 00:30:00'),
(1665, 31, '2023-04-29 00:30:00'),
(1666, 31, '2023-04-30 00:30:00'),
(1667, 31, '2023-05-01 00:30:00'),
(1668, 31, '2023-05-02 00:30:00'),
(1669, 31, '2023-05-03 00:30:00'),
(1670, 31, '2023-05-04 00:30:00'),
(1671, 31, '2023-05-05 00:30:00'),
(1672, 31, '2023-05-06 00:30:00'),
(1673, 31, '2023-05-07 00:30:00'),
(1674, 31, '2023-05-08 00:30:00'),
(1675, 31, '2023-05-09 00:30:00'),
(1676, 31, '2023-05-10 00:30:00'),
(1677, 31, '2023-05-11 00:30:00'),
(1678, 31, '2023-05-12 00:30:00'),
(1679, 31, '2023-05-13 00:30:00'),
(1680, 31, '2023-05-14 00:30:00'),
(1681, 31, '2023-05-15 00:30:00'),
(1682, 31, '2023-05-16 00:30:00'),
(1683, 31, '2023-05-17 00:30:00'),
(1684, 31, '2023-05-18 00:30:00'),
(1685, 31, '2023-05-19 00:30:00'),
(1686, 32, '2023-03-11 00:30:00'),
(1687, 32, '2023-03-12 00:30:00'),
(1688, 32, '2023-03-13 00:30:00'),
(1689, 32, '2023-03-14 00:30:00'),
(1690, 32, '2023-03-15 00:30:00'),
(1691, 32, '2023-03-16 00:30:00'),
(1692, 32, '2023-03-17 00:30:00'),
(1693, 32, '2023-03-18 00:30:00'),
(1694, 32, '2023-03-19 00:30:00'),
(1695, 32, '2023-03-20 00:30:00'),
(1696, 32, '2023-03-21 00:30:00'),
(1697, 32, '2023-03-22 00:30:00'),
(1698, 32, '2023-03-23 00:30:00'),
(1699, 32, '2023-03-24 00:30:00'),
(1700, 32, '2023-03-25 00:30:00'),
(1701, 32, '2023-03-26 00:30:00'),
(1702, 32, '2023-03-27 00:30:00'),
(1703, 32, '2023-03-28 00:30:00'),
(1704, 32, '2023-03-29 00:30:00'),
(1705, 32, '2023-03-30 00:30:00'),
(1706, 32, '2023-03-31 00:30:00'),
(1707, 32, '2023-04-01 00:30:00'),
(1708, 32, '2023-04-02 00:30:00'),
(1709, 32, '2023-04-03 00:30:00'),
(1710, 32, '2023-04-04 00:30:00'),
(1711, 32, '2023-04-05 00:30:00'),
(1712, 32, '2023-04-06 00:30:00'),
(1713, 32, '2023-04-07 00:30:00'),
(1714, 32, '2023-04-08 00:30:00'),
(1715, 32, '2023-04-09 00:30:00'),
(1716, 32, '2023-04-10 00:30:00'),
(1717, 32, '2023-04-11 00:30:00'),
(1718, 32, '2023-04-12 00:30:00'),
(1719, 32, '2023-04-13 00:30:00'),
(1720, 32, '2023-04-14 00:30:00'),
(1721, 32, '2023-04-15 00:30:00'),
(1722, 32, '2023-04-16 00:30:00'),
(1723, 32, '2023-04-17 00:30:00'),
(1724, 32, '2023-04-18 00:30:00'),
(1725, 32, '2023-04-19 00:30:00'),
(1726, 32, '2023-04-20 00:30:00'),
(1727, 32, '2023-04-21 00:30:00'),
(1728, 32, '2023-04-22 00:30:00'),
(1729, 32, '2023-04-23 00:30:00'),
(1730, 32, '2023-04-24 00:30:00'),
(1731, 32, '2023-04-25 00:30:00'),
(1732, 32, '2023-04-26 00:30:00'),
(1733, 32, '2023-04-27 00:30:00'),
(1734, 32, '2023-04-28 00:30:00'),
(1735, 32, '2023-04-29 00:30:00'),
(1736, 32, '2023-04-30 00:30:00'),
(1737, 32, '2023-05-01 00:30:00'),
(1738, 32, '2023-05-02 00:30:00'),
(1739, 32, '2023-05-03 00:30:00'),
(1740, 32, '2023-05-04 00:30:00'),
(1741, 32, '2023-05-05 00:30:00'),
(1742, 32, '2023-05-06 00:30:00'),
(1743, 32, '2023-05-07 00:30:00'),
(1744, 32, '2023-05-08 00:30:00'),
(1745, 32, '2023-05-09 00:30:00'),
(1746, 32, '2023-05-10 00:30:00'),
(1747, 32, '2023-05-11 00:30:00'),
(1748, 32, '2023-05-12 00:30:00'),
(1749, 32, '2023-05-13 00:30:00'),
(1750, 32, '2023-05-14 00:30:00'),
(1751, 32, '2023-05-15 00:30:00'),
(1752, 32, '2023-05-16 00:30:00'),
(1753, 32, '2023-05-17 00:30:00'),
(1754, 32, '2023-05-18 00:30:00'),
(1755, 32, '2023-05-19 00:30:00'),
(1756, 32, '2023-05-20 00:30:00'),
(1757, 32, '2023-05-21 00:30:00'),
(1758, 33, '2023-03-11 00:30:00'),
(1759, 33, '2023-03-12 00:30:00'),
(1760, 33, '2023-03-13 00:30:00'),
(1761, 33, '2023-03-14 00:30:00'),
(1762, 33, '2023-03-15 00:30:00'),
(1763, 33, '2023-03-16 00:30:00'),
(1764, 33, '2023-03-17 00:30:00'),
(1765, 33, '2023-03-18 00:30:00'),
(1766, 33, '2023-03-19 00:30:00'),
(1767, 33, '2023-03-20 00:30:00'),
(1768, 33, '2023-03-21 00:30:00'),
(1769, 33, '2023-03-22 00:30:00'),
(1770, 33, '2023-03-23 00:30:00'),
(1771, 33, '2023-03-24 00:30:00'),
(1772, 33, '2023-03-25 00:30:00'),
(1773, 33, '2023-03-26 00:30:00'),
(1774, 33, '2023-03-27 00:30:00'),
(1775, 33, '2023-03-28 00:30:00'),
(1776, 33, '2023-03-29 00:30:00'),
(1777, 33, '2023-03-30 00:30:00'),
(1778, 33, '2023-03-31 00:30:00'),
(1779, 33, '2023-04-01 00:30:00'),
(1780, 33, '2023-04-02 00:30:00'),
(1781, 33, '2023-04-03 00:30:00'),
(1782, 33, '2023-04-04 00:30:00'),
(1783, 33, '2023-04-05 00:30:00'),
(1784, 33, '2023-04-06 00:30:00'),
(1785, 33, '2023-04-07 00:30:00'),
(1786, 33, '2023-04-08 00:30:00'),
(1787, 33, '2023-04-09 00:30:00'),
(1788, 33, '2023-04-10 00:30:00'),
(1789, 33, '2023-04-11 00:30:00'),
(1790, 33, '2023-04-12 00:30:00'),
(1791, 33, '2023-04-13 00:30:00'),
(1792, 33, '2023-04-14 00:30:00'),
(1793, 33, '2023-04-15 00:30:00'),
(1794, 33, '2023-04-16 00:30:00'),
(1795, 33, '2023-04-17 00:30:00'),
(1796, 33, '2023-04-18 00:30:00'),
(1797, 33, '2023-04-19 00:30:00'),
(1798, 33, '2023-04-20 00:30:00'),
(1799, 33, '2023-04-21 00:30:00'),
(1800, 33, '2023-04-22 00:30:00'),
(1801, 33, '2023-04-23 00:30:00'),
(1802, 33, '2023-04-24 00:30:00'),
(1803, 33, '2023-04-25 00:30:00'),
(1804, 33, '2023-04-26 00:30:00'),
(1805, 33, '2023-04-27 00:30:00'),
(1806, 33, '2023-04-28 00:30:00'),
(1807, 33, '2023-04-29 00:30:00'),
(1808, 33, '2023-04-30 00:30:00'),
(1809, 33, '2023-05-01 00:30:00'),
(1810, 33, '2023-05-02 00:30:00'),
(1811, 33, '2023-05-03 00:30:00'),
(1812, 33, '2023-05-04 00:30:00'),
(1813, 33, '2023-05-05 00:30:00'),
(1814, 33, '2023-05-06 00:30:00'),
(1815, 33, '2023-05-07 00:30:00'),
(1816, 33, '2023-05-08 00:30:00'),
(1817, 33, '2023-05-09 00:30:00'),
(1818, 33, '2023-05-10 00:30:00'),
(1819, 33, '2023-05-11 00:30:00'),
(1820, 33, '2023-05-12 00:30:00'),
(1821, 33, '2023-05-13 00:30:00'),
(1822, 33, '2023-05-14 00:30:00'),
(1823, 33, '2023-05-15 00:30:00'),
(1824, 33, '2023-05-16 00:30:00'),
(1825, 33, '2023-05-17 00:30:00'),
(1826, 33, '2023-05-18 00:30:00'),
(1827, 33, '2023-05-19 00:30:00'),
(1828, 34, '2023-03-11 00:30:00'),
(1829, 34, '2023-03-12 00:30:00'),
(1830, 34, '2023-03-13 00:30:00'),
(1831, 34, '2023-03-14 00:30:00'),
(1832, 34, '2023-03-15 00:30:00'),
(1833, 34, '2023-03-16 00:30:00'),
(1834, 34, '2023-03-17 00:30:00'),
(1835, 34, '2023-03-18 00:30:00'),
(1836, 34, '2023-03-19 00:30:00'),
(1837, 34, '2023-03-20 00:30:00'),
(1838, 34, '2023-03-21 00:30:00'),
(1839, 34, '2023-03-22 00:30:00'),
(1840, 34, '2023-03-23 00:30:00'),
(1841, 34, '2023-03-24 00:30:00'),
(1842, 34, '2023-03-25 00:30:00'),
(1843, 34, '2023-03-26 00:30:00'),
(1844, 34, '2023-03-27 00:30:00'),
(1845, 34, '2023-03-28 00:30:00'),
(1846, 34, '2023-03-29 00:30:00'),
(1847, 34, '2023-03-30 00:30:00'),
(1848, 34, '2023-03-31 00:30:00'),
(1849, 34, '2023-04-01 00:30:00'),
(1850, 34, '2023-04-02 00:30:00'),
(1851, 34, '2023-04-03 00:30:00'),
(1852, 34, '2023-04-04 00:30:00'),
(1853, 34, '2023-04-05 00:30:00'),
(1854, 34, '2023-04-06 00:30:00'),
(1855, 34, '2023-04-07 00:30:00'),
(1856, 34, '2023-04-08 00:30:00'),
(1857, 34, '2023-04-09 00:30:00'),
(1858, 34, '2023-04-10 00:30:00'),
(1859, 34, '2023-04-11 00:30:00'),
(1860, 34, '2023-04-12 00:30:00'),
(1861, 34, '2023-04-13 00:30:00'),
(1862, 34, '2023-04-14 00:30:00'),
(1863, 34, '2023-04-15 00:30:00'),
(1864, 34, '2023-04-16 00:30:00'),
(1865, 34, '2023-04-17 00:30:00'),
(1866, 34, '2023-04-18 00:30:00'),
(1867, 34, '2023-04-19 00:30:00'),
(1868, 34, '2023-04-20 00:30:00'),
(1869, 34, '2023-04-21 00:30:00'),
(1870, 34, '2023-04-22 00:30:00'),
(1871, 34, '2023-04-23 00:30:00'),
(1872, 34, '2023-04-24 00:30:00'),
(1873, 34, '2023-04-25 00:30:00'),
(1874, 34, '2023-04-26 00:30:00'),
(1875, 34, '2023-04-27 00:30:00'),
(1876, 34, '2023-04-28 00:30:00'),
(1877, 34, '2023-04-29 00:30:00'),
(1878, 34, '2023-04-30 00:30:00'),
(1879, 34, '2023-05-01 00:30:00'),
(1880, 34, '2023-05-02 00:30:00'),
(1881, 34, '2023-05-03 00:30:00'),
(1882, 34, '2023-05-04 00:30:00'),
(1883, 34, '2023-05-05 00:30:00'),
(1884, 34, '2023-05-06 00:30:00'),
(1885, 34, '2023-05-07 00:30:00'),
(1886, 34, '2023-05-08 00:30:00'),
(1887, 34, '2023-05-09 00:30:00'),
(1888, 34, '2023-05-10 00:30:00'),
(1889, 34, '2023-05-11 00:30:00'),
(1890, 34, '2023-05-12 00:30:00'),
(1891, 34, '2023-05-13 00:30:00'),
(1892, 34, '2023-05-14 00:30:00'),
(1893, 34, '2023-05-15 00:30:00'),
(1894, 34, '2023-05-16 00:30:00'),
(1895, 34, '2023-05-17 00:30:00'),
(1896, 34, '2023-05-18 00:30:00'),
(1897, 34, '2023-05-19 00:30:00'),
(1898, 34, '2023-05-20 00:30:00'),
(1899, 34, '2023-05-21 00:30:00'),
(1900, 35, '2023-03-11 00:30:00'),
(1901, 35, '2023-03-12 00:30:00'),
(1902, 35, '2023-03-13 00:30:00'),
(1903, 35, '2023-03-14 00:30:00'),
(1904, 35, '2023-03-15 00:30:00'),
(1905, 35, '2023-03-16 00:30:00'),
(1906, 35, '2023-03-17 00:30:00'),
(1907, 35, '2023-03-18 00:30:00'),
(1908, 35, '2023-03-19 00:30:00'),
(1909, 35, '2023-03-20 00:30:00'),
(1910, 35, '2023-03-21 00:30:00'),
(1911, 35, '2023-03-22 00:30:00'),
(1912, 35, '2023-03-23 00:30:00'),
(1913, 35, '2023-03-24 00:30:00'),
(1914, 35, '2023-03-25 00:30:00'),
(1915, 35, '2023-03-26 00:30:00'),
(1916, 35, '2023-03-27 00:30:00'),
(1917, 35, '2023-03-28 00:30:00'),
(1918, 35, '2023-03-29 00:30:00'),
(1919, 35, '2023-03-30 00:30:00'),
(1920, 35, '2023-03-31 00:30:00'),
(1921, 35, '2023-04-01 00:30:00'),
(1922, 35, '2023-04-02 00:30:00'),
(1923, 35, '2023-04-03 00:30:00'),
(1924, 35, '2023-04-04 00:30:00'),
(1925, 35, '2023-04-05 00:30:00'),
(1926, 35, '2023-04-06 00:30:00'),
(1927, 35, '2023-04-07 00:30:00'),
(1928, 35, '2023-04-08 00:30:00'),
(1929, 35, '2023-04-09 00:30:00'),
(1930, 35, '2023-04-10 00:30:00'),
(1931, 35, '2023-04-11 00:30:00'),
(1932, 35, '2023-04-12 00:30:00'),
(1933, 35, '2023-04-13 00:30:00'),
(1934, 35, '2023-04-14 00:30:00'),
(1935, 35, '2023-04-15 00:30:00'),
(1936, 35, '2023-04-16 00:30:00'),
(1937, 35, '2023-04-17 00:30:00'),
(1938, 35, '2023-04-18 00:30:00'),
(1939, 35, '2023-04-19 00:30:00'),
(1940, 35, '2023-04-20 00:30:00'),
(1941, 35, '2023-04-21 00:30:00'),
(1942, 35, '2023-04-22 00:30:00'),
(1943, 35, '2023-04-23 00:30:00'),
(1944, 35, '2023-04-24 00:30:00'),
(1945, 35, '2023-04-25 00:30:00'),
(1946, 35, '2023-04-26 00:30:00'),
(1947, 35, '2023-04-27 00:30:00'),
(1948, 35, '2023-04-28 00:30:00'),
(1949, 35, '2023-04-29 00:30:00'),
(1950, 35, '2023-04-30 00:30:00'),
(1951, 35, '2023-05-01 00:30:00'),
(1952, 35, '2023-05-02 00:30:00'),
(1953, 35, '2023-05-03 00:30:00'),
(1954, 35, '2023-05-04 00:30:00'),
(1955, 35, '2023-05-05 00:30:00'),
(1956, 35, '2023-05-06 00:30:00'),
(1957, 35, '2023-05-07 00:30:00'),
(1958, 35, '2023-05-08 00:30:00'),
(1959, 35, '2023-05-09 00:30:00'),
(1960, 35, '2023-05-10 00:30:00'),
(1961, 35, '2023-05-11 00:30:00'),
(1962, 35, '2023-05-12 00:30:00'),
(1963, 35, '2023-05-13 00:30:00'),
(1964, 35, '2023-05-14 00:30:00'),
(1965, 35, '2023-05-15 00:30:00'),
(1966, 35, '2023-05-16 00:30:00'),
(1967, 35, '2023-05-17 00:30:00'),
(1968, 35, '2023-05-18 00:30:00'),
(1969, 35, '2023-05-19 00:30:00'),
(1970, 35, '2023-05-20 00:30:00'),
(1971, 35, '2023-05-21 00:30:00'),
(1972, 36, '2023-03-11 00:30:00'),
(1973, 36, '2023-03-12 00:30:00'),
(1974, 36, '2023-03-13 00:30:00'),
(1975, 36, '2023-03-14 00:30:00'),
(1976, 36, '2023-03-15 00:30:00'),
(1977, 36, '2023-03-16 00:30:00'),
(1978, 36, '2023-03-17 00:30:00'),
(1979, 36, '2023-03-18 00:30:00'),
(1980, 36, '2023-03-19 00:30:00'),
(1981, 36, '2023-03-20 00:30:00'),
(1982, 36, '2023-03-21 00:30:00'),
(1983, 36, '2023-03-22 00:30:00'),
(1984, 36, '2023-03-23 00:30:00'),
(1985, 36, '2023-03-24 00:30:00'),
(1986, 36, '2023-03-25 00:30:00'),
(1987, 36, '2023-03-26 00:30:00'),
(1988, 36, '2023-03-27 00:30:00'),
(1989, 36, '2023-03-28 00:30:00'),
(1990, 36, '2023-03-29 00:30:00'),
(1991, 36, '2023-03-30 00:30:00'),
(1992, 36, '2023-03-31 00:30:00'),
(1993, 36, '2023-04-01 00:30:00'),
(1994, 36, '2023-04-02 00:30:00'),
(1995, 36, '2023-04-03 00:30:00'),
(1996, 36, '2023-04-04 00:30:00'),
(1997, 36, '2023-04-05 00:30:00'),
(1998, 36, '2023-04-06 00:30:00'),
(1999, 36, '2023-04-07 00:30:00'),
(2000, 36, '2023-04-08 00:30:00'),
(2001, 36, '2023-04-09 00:30:00'),
(2002, 36, '2023-04-10 00:30:00'),
(2003, 36, '2023-04-11 00:30:00'),
(2004, 36, '2023-04-12 00:30:00'),
(2005, 36, '2023-04-13 00:30:00'),
(2006, 36, '2023-04-14 00:30:00'),
(2007, 36, '2023-04-15 00:30:00'),
(2008, 36, '2023-04-16 00:30:00'),
(2009, 36, '2023-04-17 00:30:00'),
(2010, 36, '2023-04-18 00:30:00'),
(2011, 36, '2023-04-19 00:30:00'),
(2012, 36, '2023-04-20 00:30:00'),
(2013, 36, '2023-04-21 00:30:00'),
(2014, 36, '2023-04-22 00:30:00'),
(2015, 36, '2023-04-23 00:30:00'),
(2016, 36, '2023-04-24 00:30:00'),
(2017, 36, '2023-04-25 00:30:00'),
(2018, 36, '2023-04-26 00:30:00'),
(2019, 36, '2023-04-27 00:30:00'),
(2020, 36, '2023-04-28 00:30:00'),
(2021, 36, '2023-04-29 00:30:00'),
(2022, 36, '2023-04-30 00:30:00'),
(2023, 36, '2023-05-01 00:30:00'),
(2024, 36, '2023-05-02 00:30:00'),
(2025, 36, '2023-05-03 00:30:00'),
(2026, 36, '2023-05-04 00:30:00'),
(2027, 36, '2023-05-05 00:30:00'),
(2028, 36, '2023-05-06 00:30:00'),
(2029, 36, '2023-05-07 00:30:00'),
(2030, 36, '2023-05-08 00:30:00'),
(2031, 36, '2023-05-09 00:30:00'),
(2032, 36, '2023-05-10 00:30:00'),
(2033, 36, '2023-05-11 00:30:00'),
(2034, 36, '2023-05-12 00:30:00'),
(2035, 36, '2023-05-13 00:30:00'),
(2036, 36, '2023-05-14 00:30:00'),
(2037, 36, '2023-05-15 00:30:00'),
(2038, 37, '2023-03-11 00:30:00'),
(2039, 37, '2023-03-12 00:30:00'),
(2040, 37, '2023-03-13 00:30:00'),
(2041, 37, '2023-03-14 00:30:00'),
(2042, 37, '2023-03-15 00:30:00'),
(2043, 37, '2023-03-16 00:30:00'),
(2044, 37, '2023-03-17 00:30:00'),
(2045, 37, '2023-03-18 00:30:00'),
(2046, 37, '2023-03-19 00:30:00'),
(2047, 37, '2023-03-20 00:30:00'),
(2048, 37, '2023-03-21 00:30:00'),
(2049, 37, '2023-03-22 00:30:00'),
(2050, 37, '2023-03-23 00:30:00'),
(2051, 37, '2023-03-24 00:30:00'),
(2052, 37, '2023-03-25 00:30:00'),
(2053, 37, '2023-03-26 00:30:00'),
(2054, 37, '2023-03-27 00:30:00'),
(2055, 37, '2023-03-28 00:30:00'),
(2056, 37, '2023-03-29 00:30:00'),
(2057, 37, '2023-03-30 00:30:00'),
(2058, 37, '2023-03-31 00:30:00'),
(2059, 37, '2023-04-01 00:30:00'),
(2060, 37, '2023-04-02 00:30:00'),
(2061, 37, '2023-04-03 00:30:00'),
(2062, 37, '2023-04-04 00:30:00'),
(2063, 37, '2023-04-05 00:30:00'),
(2064, 37, '2023-04-06 00:30:00'),
(2065, 37, '2023-04-07 00:30:00'),
(2066, 37, '2023-04-08 00:30:00'),
(2067, 37, '2023-04-09 00:30:00'),
(2068, 37, '2023-04-10 00:30:00'),
(2069, 37, '2023-04-11 00:30:00'),
(2070, 37, '2023-04-12 00:30:00'),
(2071, 37, '2023-04-13 00:30:00'),
(2072, 37, '2023-04-14 00:30:00'),
(2073, 37, '2023-04-15 00:30:00'),
(2074, 37, '2023-04-16 00:30:00'),
(2075, 37, '2023-04-17 00:30:00'),
(2076, 37, '2023-04-18 00:30:00'),
(2077, 37, '2023-04-19 00:30:00'),
(2078, 37, '2023-04-20 00:30:00'),
(2079, 37, '2023-04-21 00:30:00'),
(2080, 37, '2023-04-22 00:30:00'),
(2081, 37, '2023-04-23 00:30:00'),
(2082, 37, '2023-04-24 00:30:00'),
(2083, 37, '2023-04-25 00:30:00'),
(2084, 37, '2023-04-26 00:30:00'),
(2085, 37, '2023-04-27 00:30:00'),
(2086, 37, '2023-04-28 00:30:00'),
(2087, 37, '2023-04-29 00:30:00'),
(2088, 37, '2023-04-30 00:30:00'),
(2089, 37, '2023-05-01 00:30:00'),
(2090, 37, '2023-05-02 00:30:00'),
(2091, 37, '2023-05-03 00:30:00'),
(2092, 37, '2023-05-04 00:30:00'),
(2093, 37, '2023-05-05 00:30:00'),
(2094, 37, '2023-05-06 00:30:00'),
(2095, 37, '2023-05-07 00:30:00'),
(2096, 37, '2023-05-08 00:30:00'),
(2097, 37, '2023-05-09 00:30:00'),
(2098, 37, '2023-05-10 00:30:00'),
(2099, 37, '2023-05-11 00:30:00'),
(2100, 37, '2023-05-12 00:30:00'),
(2101, 37, '2023-05-13 00:30:00'),
(2102, 37, '2023-05-14 00:30:00'),
(2103, 37, '2023-05-15 00:30:00'),
(2104, 37, '2023-05-16 00:30:00'),
(2105, 37, '2023-05-17 00:30:00'),
(2106, 37, '2023-05-18 00:30:00'),
(2107, 37, '2023-05-19 00:30:00'),
(2108, 37, '2023-05-20 00:30:00'),
(2109, 37, '2023-05-21 00:30:00');

-- --------------------------------------------------------

--
-- Table structure for table `guru`
--

CREATE TABLE `guru` (
  `id_guru` int NOT NULL,
  `id_user` int NOT NULL,
  `nip` varchar(20) NOT NULL,
  `nama_guru` varchar(40) NOT NULL,
  `pendidikan` varchar(10) NOT NULL,
  `email` varchar(40) NOT NULL,
  `nohp` varchar(13) NOT NULL
) ENGINE=InnoDB DEFAULT CHARSET=utf8mb3;

--
-- Dumping data for table `guru`
--

INSERT INTO `guru` (`id_guru`, `id_user`, `nip`, `nama_guru`, `pendidikan`, `email`, `nohp`) VALUES
(1, 2, '789', 'Teveria N.Siregar, S.Pd', 'DIII', 'teveria@gmail.com', '3242'),
(3, 4, '879789', 'Derly Omega Silaban, S.Pd', 'S1', 'derly@gmail.com', '981902'),
(4, 5, '2839421', 'Inantiyani B.Siregar, S.Pd', 'S1', 'inantiyani@gmail.com', '82913'),
(5, 6, '8989', 'Dison Silaban, S.Pd', 'S1', 'dison@gmail.com', '9024'),
(7, 8, '687678', 'Rasmawati Silaban, S.Pd.K', 'S1', 'rismawati@gmail.com', '76987'),
(8, 9, '68768', 'Restamina Waruwu, S.Pd', 'S1', 'restamina@gmail.com', '877'),
(10, 11, '687', 'Insan Meha, S.Pd', 'S1', 'insanmeha@gmail.com', '8789-'),
(11, 12, '89080', 'Joslim Limbong, S.Pd', 'S1', 'joslin@gmail.com', '728934'),
(12, 13, '829304', 'Romauli Marbun, S.Ag', 'S1', 'romauli@gmail.com', '9423'),
(13, 14, '82304989', 'Benni Simbolon, S.Pd', 'S1', 'bennisimbolon@gmail.com', '872813'),
(14, 15, '798', 'Kartika Barasa, S.Pd', 'S1', 'kartika@gmail.com', '8234'),
(15, 16, '6543567', 'Tianur Manik, S.Pd', 'S1', 'tianur@gmail.com', '67312313'),
(16, 17, '', 'Irfandi Gajah, S.Pd', 'S1', 'irfandi@gmail.com', '8423042'),
(17, 18, '62873453', 'Sindar Gajah, SE', 'S1', 'sindargajah@gmail.com', '2899423100'),
(22, 28, '', 'Herma Mungkur, SE', 'S1', 'hermamungkur@gmail.com', '8179031'),
(23, 31, '123', 'Kardo Zebua, S.Kom', 'S1', 'kardo@gmail.com', '081212345678'),
(24, 35, '12387190809', 'Hotmida Barutu, S.Kom', 'S1', 'hotmida@gmail.com', '72189'),
(25, 36, '921903809', 'Maksudi Siregar,S.Pd.I', 'S1', 'maksudi@gmail.com', '72183'),
(26, 37, '80989867687', 'Dewi Riya Yanti Lubis,S.Pd', 'S1', 'dewiriya@gmail.com', '712893'),
(27, 38, '89875654', 'Daniel Herianto Situmorang, S.Pd', 'S1', 'daniel@gmail.com', '72138'),
(28, 39, '656130989765', 'Endang Rinako Pardosi, S.Pd', 'S1', 'endang@gmail.com', '1238'),
(29, 40, '6156478099', 'Roi Ganda A. Barutu, S.Pd', 'S1', 'roiganda@gmail.com', '6564'),
(30, 41, '51236781738', 'Salam Tumanggor,S.Pd', 'S1', 'salam@gmail.com', '1273'),
(31, 42, '123561671809', 'Isna Yanti Barasa, S.Pd', 'S1', 'isnayanti@gmail.com', '7213'),
(32, 43, '5690897645', 'Faisal Gunawan Tinambunan, S.Pd', 'S1', 'faisal@gmail.com', '8123'),
(33, 44, '678798987', 'Laungan Simamora', 'DIV', 'laungan@gmail.com', '72323'),
(34, 45, '7216381', 'Roi Sinondang Nainggolan, S.Pd', 'S1', 'roisinondang@gmail.com', '712389128'),
(35, 46, '512368128', 'Raja Anwar Meha, S.Kom', 'S1', 'rajaanwar@gmail.com', '78123'),
(36, 47, '781312', 'Herman Y Tumanggor, S.Pd', 'S1', 'herman@gmail.com', '72189312'),
(37, 48, '671237651567', 'Danri Simanjuntak, S.Pd', 'S1', 'danri@gmail.com', '71823'),
(38, 99, '196508061997021000', 'Mangapul Sinaga, S.Pd', 'S2', 'kepsek@gmail.com', '0812356271321');

-- --------------------------------------------------------

--
-- Table structure for table `hasilnilai`
--

CREATE TABLE `hasilnilai` (
  `id_hasilnilai` int NOT NULL,
  `id_guru` int NOT NULL,
  `nilai` double NOT NULL
) ENGINE=InnoDB DEFAULT CHARSET=utf8mb3;

--
-- Dumping data for table `hasilnilai`
--

INSERT INTO `hasilnilai` (`id_hasilnilai`, `id_guru`, `nilai`) VALUES
(1, 4, 0),
(2, 13, 0.38237),
(3, 14, 0.38237),
(4, 12, 0.57355),
(5, 25, 0.63238),
(6, 27, 0.6814),
(7, 24, 0.6814),
(8, 23, 0.6814),
(9, 7, 0.6814),
(10, 8, 0.6814),
(11, 26, 0.82058),
(12, 3, 0.8696),
(13, 5, 0.8696),
(14, 32, 1.26471),
(15, 10, 1.26471),
(16, 16, 1.27942),
(17, 11, 1.27942),
(18, 17, 1.27942),
(19, 22, 1.36765),
(20, 29, 1.36765),
(21, 30, 1.36765),
(22, 1, 1.36765),
(23, 31, 1.40196),
(24, 37, 1.41177),
(25, 28, 1.41177),
(26, 35, 1.41177),
(27, 34, 1.41177),
(28, 15, 1.41177),
(29, 33, 1.46881),
(30, 36, 1.5);

-- --------------------------------------------------------

--
-- Table structure for table `kriteria`
--

CREATE TABLE `kriteria` (
  `id_kriteria` int NOT NULL,
  `kode_kriteria` varchar(5) NOT NULL,
  `nama_kriteria` varchar(100) NOT NULL,
  `bobot` int NOT NULL
) ENGINE=InnoDB DEFAULT CHARSET=utf8mb3;

--
-- Dumping data for table `kriteria`
--

INSERT INTO `kriteria` (`id_kriteria`, `kode_kriteria`, `nama_kriteria`, `bobot`) VALUES
(1, 'C1', 'ABSENSI', 3),
(3, 'C2', 'TINGKAT PENDIDIKAN', 5),
(4, 'C3', 'PROFESIONAL', 5),
(5, 'C4', 'KEDISIPLINAN', 5),
(6, 'C5', 'SOSIAL', 4);

-- --------------------------------------------------------

--
-- Table structure for table `log`
--

CREATE TABLE `log` (
  `id_log` int NOT NULL,
  `time` timestamp NOT NULL DEFAULT CURRENT_TIMESTAMP
) ENGINE=InnoDB DEFAULT CHARSET=utf8mb3;

--
-- Dumping data for table `log`
--

INSERT INTO `log` (`id_log`, `time`) VALUES
(1, '2023-06-11 04:30:21'),
(2, '2023-06-11 04:34:29'),
(3, '2023-06-11 04:45:33'),
(4, '2023-06-11 04:46:05'),
(5, '2023-06-11 04:55:18'),
(6, '2023-06-14 16:49:00'),
(7, '2023-06-14 16:53:43'),
(8, '2023-06-14 16:55:29'),
(9, '2023-07-05 03:40:11'),
(10, '2023-07-05 04:01:13'),
(11, '2023-07-05 08:24:06'),
(12, '2023-07-06 01:52:53'),
(13, '2023-07-06 01:58:14'),
(14, '2023-07-06 02:01:40'),
(15, '2023-07-15 03:37:02'),
(16, '2023-07-19 05:40:17'),
(17, '2023-07-19 05:41:05'),
(18, '2023-07-19 05:41:36'),
(19, '2023-07-19 05:56:14'),
(20, '2023-07-19 05:57:46'),
(21, '2023-07-19 05:57:50'),
(22, '2023-07-19 06:04:40');

-- --------------------------------------------------------

--
-- Table structure for table `mapel`
--

CREATE TABLE `mapel` (
  `id_mapel` int NOT NULL,
  `nama_mapel` varchar(30) NOT NULL
) ENGINE=InnoDB DEFAULT CHARSET=utf8mb3;

--
-- Dumping data for table `mapel`
--

INSERT INTO `mapel` (`id_mapel`, `nama_mapel`) VALUES
(2, 'Matematika'),
(3, 'Fisika'),
(4, 'Kimia'),
(5, 'Biologi');

-- --------------------------------------------------------

--
-- Table structure for table `nilaidarisiswa`
--

CREATE TABLE `nilaidarisiswa` (
  `id_nilaidarisiswa` int NOT NULL,
  `id_siswa` int NOT NULL,
  `id_guru` int NOT NULL,
  `C31` int NOT NULL,
  `C32` int NOT NULL,
  `C33` int NOT NULL,
  `C34` int NOT NULL,
  `C35` int NOT NULL,
  `C36` int NOT NULL,
  `C37` int NOT NULL,
  `C51` int NOT NULL,
  `C52` int NOT NULL,
  `C53` int NOT NULL,
  `C54` int NOT NULL,
  `C55` int NOT NULL,
  `C56` int NOT NULL,
  `C57` int NOT NULL
) ENGINE=InnoDB DEFAULT CHARSET=utf8mb3;

--
-- Dumping data for table `nilaidarisiswa`
--

INSERT INTO `nilaidarisiswa` (`id_nilaidarisiswa`, `id_siswa`, `id_guru`, `C31`, `C32`, `C33`, `C34`, `C35`, `C36`, `C37`, `C51`, `C52`, `C53`, `C54`, `C55`, `C56`, `C57`) VALUES
(1, 7, 1, 5, 3, 3, 5, 4, 3, 5, 3, 3, 4, 3, 4, 3, 3),
(2, 8, 1, 4, 3, 4, 4, 3, 5, 4, 4, 3, 3, 3, 4, 5, 3),
(3, 45, 3, 4, 4, 4, 4, 5, 4, 4, 5, 3, 4, 5, 4, 3, 4),
(4, 54, 3, 4, 4, 4, 3, 4, 4, 3, 4, 4, 3, 3, 4, 5, 4),
(5, 9, 4, 5, 4, 5, 5, 4, 4, 5, 4, 5, 4, 4, 4, 5, 5),
(6, 11, 4, 4, 5, 5, 4, 5, 5, 4, 4, 4, 5, 5, 5, 5, 5),
(7, 12, 4, 5, 5, 4, 4, 4, 5, 4, 5, 4, 4, 5, 4, 5, 4),
(8, 14, 4, 5, 4, 4, 5, 4, 4, 4, 4, 3, 5, 4, 4, 4, 4),
(9, 17, 4, 4, 5, 5, 4, 4, 4, 3, 4, 5, 4, 4, 5, 4, 5),
(10, 48, 4, 4, 4, 5, 4, 4, 5, 4, 3, 4, 4, 5, 5, 4, 4),
(11, 56, 4, 5, 4, 5, 3, 5, 4, 5, 4, 4, 4, 4, 4, 5, 4),
(12, 18, 5, 4, 3, 3, 3, 3, 4, 3, 2, 4, 3, 4, 3, 3, 3),
(13, 43, 5, 5, 4, 3, 4, 3, 4, 4, 4, 4, 3, 4, 4, 4, 4),
(14, 53, 5, 4, 3, 3, 5, 3, 4, 4, 5, 3, 3, 4, 4, 3, 4),
(15, 49, 7, 4, 3, 4, 4, 4, 4, 4, 4, 4, 3, 4, 3, 4, 4),
(16, 19, 8, 4, 3, 3, 4, 3, 4, 4, 4, 4, 4, 4, 3, 4, 3),
(17, 34, 8, 3, 4, 4, 3, 4, 4, 4, 5, 4, 4, 4, 4, 4, 4),
(18, 44, 8, 4, 4, 3, 5, 4, 4, 4, 4, 4, 5, 4, 4, 4, 4),
(19, 10, 11, 4, 4, 4, 5, 4, 4, 5, 4, 5, 4, 4, 3, 4, 4),
(20, 13, 11, 4, 4, 3, 4, 4, 4, 4, 3, 4, 4, 4, 4, 5, 3),
(21, 33, 11, 3, 4, 5, 4, 3, 4, 4, 5, 4, 3, 4, 4, 4, 4),
(22, 51, 11, 4, 4, 4, 4, 4, 4, 5, 4, 4, 4, 4, 3, 4, 3),
(23, 52, 11, 4, 3, 3, 4, 4, 3, 4, 3, 4, 4, 3, 4, 5, 3),
(24, 50, 12, 4, 4, 4, 4, 4, 4, 4, 5, 4, 4, 4, 4, 4, 4),
(25, 20, 13, 4, 4, 4, 4, 5, 5, 5, 4, 5, 4, 5, 5, 4, 4),
(26, 21, 13, 5, 5, 5, 4, 5, 4, 4, 4, 5, 4, 5, 5, 4, 4),
(27, 23, 13, 5, 5, 4, 4, 5, 4, 5, 5, 4, 4, 5, 4, 5, 5),
(28, 24, 13, 5, 4, 4, 4, 4, 4, 4, 5, 5, 4, 5, 4, 5, 4),
(29, 25, 13, 5, 4, 4, 4, 4, 4, 4, 4, 4, 4, 5, 4, 5, 4),
(30, 35, 13, 4, 4, 4, 4, 4, 4, 5, 4, 4, 5, 5, 5, 5, 5),
(31, 38, 13, 4, 4, 5, 5, 5, 5, 4, 4, 5, 4, 5, 5, 5, 5),
(32, 15, 14, 5, 3, 5, 4, 4, 4, 3, 5, 4, 5, 3, 3, 5, 4),
(33, 27, 14, 4, 4, 4, 3, 4, 5, 5, 4, 3, 4, 4, 4, 4, 4),
(34, 28, 14, 4, 4, 4, 4, 4, 4, 5, 4, 4, 4, 4, 4, 4, 4),
(35, 32, 14, 5, 4, 5, 5, 4, 4, 4, 5, 5, 5, 4, 5, 5, 4),
(36, 46, 14, 4, 4, 5, 4, 4, 4, 5, 5, 4, 4, 4, 4, 5, 4),
(37, 47, 14, 4, 5, 5, 4, 4, 4, 4, 5, 4, 4, 5, 4, 4, 5),
(38, 30, 16, 4, 3, 4, 4, 3, 4, 3, 4, 4, 4, 4, 3, 3, 3),
(39, 39, 17, 4, 4, 4, 4, 3, 4, 3, 4, 3, 3, 4, 3, 3, 3),
(40, 40, 22, 5, 4, 3, 4, 3, 4, 3, 4, 3, 3, 4, 3, 5, 3),
(41, 16, 23, 4, 4, 2, 4, 3, 4, 3, 4, 3, 3, 2, 3, 3, 3),
(42, 26, 24, 4, 3, 4, 3, 4, 4, 3, 4, 4, 4, 3, 3, 3, 3),
(43, 41, 24, 4, 4, 4, 4, 3, 3, 3, 3, 4, 3, 4, 3, 4, 4),
(44, 37, 24, 3, 5, 4, 4, 4, 3, 3, 4, 3, 3, 3, 4, 4, 4),
(45, 22, 25, 4, 3, 4, 4, 3, 4, 3, 4, 3, 4, 3, 3, 3, 4),
(46, 36, 30, 3, 3, 3, 4, 3, 2, 3, 4, 3, 4, 3, 3, 3, 3),
(47, 29, 29, 4, 3, 2, 4, 3, 4, 3, 4, 3, 4, 3, 3, 3, 3),
(48, 31, 27, 4, 4, 4, 3, 3, 4, 3, 4, 3, 4, 3, 3, 3, 3),
(49, 55, 26, 4, 5, 4, 4, 3, 4, 3, 4, 3, 4, 3, 3, 3, 3);

-- --------------------------------------------------------

--
-- Table structure for table `nilaiguru`
--

CREATE TABLE `nilaiguru` (
  `id_nilaiguru` int NOT NULL,
  `id_guru` int NOT NULL,
  `id_kriteria` int NOT NULL,
  `nilai_guru` double NOT NULL
) ENGINE=InnoDB DEFAULT CHARSET=utf8mb3;

--
-- Dumping data for table `nilaiguru`
--

INSERT INTO `nilaiguru` (`id_nilaiguru`, `id_guru`, `id_kriteria`, `nilai_guru`) VALUES
(1, 1, 1, 0.5),
(2, 1, 3, 0.2),
(3, 1, 4, 0.25),
(4, 1, 5, 1),
(5, 1, 6, 0.25),
(6, 3, 1, 0.5),
(7, 3, 3, 0.75),
(8, 3, 4, 0.25),
(9, 3, 5, 0.75),
(10, 3, 6, 0.25),
(11, 4, 1, 0.75),
(12, 4, 3, 0.75),
(13, 4, 4, 0.5),
(14, 4, 5, 1),
(15, 4, 6, 0.5),
(16, 5, 1, 0.5),
(17, 5, 3, 0.75),
(18, 5, 4, 0.25),
(19, 5, 5, 0.75),
(20, 5, 6, 0.25),
(21, 7, 1, 0.75),
(22, 7, 3, 0.75),
(23, 7, 4, 0.25),
(24, 7, 5, 0.75),
(25, 7, 6, 0.25),
(26, 8, 1, 0.75),
(27, 8, 3, 0.75),
(28, 8, 4, 0.25),
(29, 8, 5, 0.75),
(30, 8, 6, 0.25),
(31, 10, 1, 0.75),
(32, 10, 3, 0.75),
(33, 10, 4, 0),
(34, 10, 5, 1),
(35, 10, 6, 0),
(36, 11, 1, 0.75),
(37, 11, 3, 0.75),
(38, 11, 4, 0.25),
(39, 11, 5, 0.25),
(40, 11, 6, 0.25),
(41, 12, 1, 0.75),
(42, 12, 3, 0.75),
(43, 12, 4, 0.25),
(44, 12, 5, 1),
(45, 12, 6, 0.5),
(46, 13, 1, 0.75),
(47, 13, 3, 0.75),
(48, 13, 4, 0.5),
(49, 13, 5, 0.75),
(50, 13, 6, 0.5),
(51, 14, 1, 0.75),
(52, 14, 3, 0.75),
(53, 14, 4, 0.5),
(54, 14, 5, 0.75),
(55, 14, 6, 0.5),
(56, 15, 1, 0.75),
(57, 15, 3, 0.75),
(58, 15, 4, 0),
(59, 15, 5, 0.25),
(60, 15, 6, 0),
(61, 16, 1, 0.75),
(62, 16, 3, 0.75),
(63, 16, 4, 0.25),
(64, 16, 5, 0.25),
(65, 16, 6, 0.25),
(66, 17, 1, 0.75),
(67, 17, 3, 0.75),
(68, 17, 4, 0.25),
(69, 17, 5, 0.25),
(70, 17, 6, 0.25),
(71, 22, 1, 0.5),
(72, 22, 3, 0.75),
(73, 22, 4, 0.25),
(74, 22, 5, 0.25),
(75, 22, 6, 0.25),
(76, 23, 1, 0.75),
(77, 23, 3, 0.75),
(78, 23, 4, 0.25),
(79, 23, 5, 0.75),
(80, 23, 6, 0.25),
(81, 24, 1, 0.75),
(82, 24, 3, 0.75),
(83, 24, 4, 0.25),
(84, 24, 5, 0.75),
(85, 24, 6, 0.25),
(86, 25, 1, 0.75),
(87, 25, 3, 0.75),
(88, 25, 4, 0.25),
(89, 25, 5, 1),
(90, 25, 6, 0.25),
(91, 26, 1, 0.5),
(92, 26, 3, 0.75),
(93, 26, 4, 0.25),
(94, 26, 5, 1),
(95, 26, 6, 0.25),
(96, 27, 1, 0.75),
(97, 27, 3, 0.75),
(98, 27, 4, 0.25),
(99, 27, 5, 0.75),
(100, 27, 6, 0.25),
(101, 28, 1, 0.75),
(102, 28, 3, 0.75),
(103, 28, 4, 0),
(104, 28, 5, 0.25),
(105, 28, 6, 0),
(106, 29, 1, 0.5),
(107, 29, 3, 0.75),
(108, 29, 4, 0.25),
(109, 29, 5, 0.25),
(110, 29, 6, 0.25),
(111, 30, 1, 0.5),
(112, 30, 3, 0.75),
(113, 30, 4, 0.25),
(114, 30, 5, 0.25),
(115, 30, 6, 0.25),
(116, 31, 1, 0.5),
(117, 31, 3, 0.75),
(118, 31, 4, 0),
(119, 31, 5, 0.75),
(120, 31, 6, 0),
(121, 32, 1, 0.75),
(122, 32, 3, 0.75),
(123, 32, 4, 0),
(124, 32, 5, 1),
(125, 32, 6, 0),
(126, 33, 1, 0.5),
(127, 33, 3, 0.5),
(128, 33, 4, 0),
(129, 33, 5, 0.75),
(130, 33, 6, 0),
(131, 34, 1, 0.75),
(132, 34, 3, 0.75),
(133, 34, 4, 0),
(134, 34, 5, 0.25),
(135, 34, 6, 0),
(136, 35, 1, 0.75),
(137, 35, 3, 0.75),
(138, 35, 4, 0),
(139, 35, 5, 0.25),
(140, 35, 6, 0),
(141, 36, 1, 0.5),
(142, 36, 3, 0.75),
(143, 36, 4, 0),
(144, 36, 5, 0.25),
(145, 36, 6, 0),
(146, 37, 1, 0.75),
(147, 37, 3, 0.75),
(148, 37, 4, 0),
(149, 37, 5, 0.25),
(150, 37, 6, 0);

-- --------------------------------------------------------

--
-- Table structure for table `pengampu`
--

CREATE TABLE `pengampu` (
  `id_pengampu` int NOT NULL,
  `id_mapel` int NOT NULL,
  `id_rombel` int NOT NULL,
  `id_guru` int NOT NULL
) ENGINE=InnoDB DEFAULT CHARSET=utf8mb3;

--
-- Dumping data for table `pengampu`
--

INSERT INTO `pengampu` (`id_pengampu`, `id_mapel`, `id_rombel`, `id_guru`) VALUES
(1, 2, 3, 12),
(2, 2, 1, 23),
(3, 3, 3, 23),
(4, 4, 1, 23);

-- --------------------------------------------------------

--
-- Table structure for table `penilaian`
--

CREATE TABLE `penilaian` (
  `id_penilaian` int NOT NULL,
  `id_siswa` int NOT NULL,
  `id_mapel` int NOT NULL,
  `nilai` int NOT NULL
) ENGINE=InnoDB DEFAULT CHARSET=utf8mb3;

--
-- Dumping data for table `penilaian`
--

INSERT INTO `penilaian` (`id_penilaian`, `id_siswa`, `id_mapel`, `nilai`) VALUES
(18, 7, 2, 90),
(19, 12, 2, 82),
(20, 16, 2, 83),
(21, 17, 2, 86),
(22, 19, 2, 91),
(23, 26, 2, 89),
(24, 35, 2, 95),
(25, 43, 2, 100),
(26, 45, 2, 92),
(27, 55, 2, 90),
(28, 8, 3, 89),
(29, 9, 3, 89),
(30, 14, 3, 78),
(31, 18, 3, 90),
(32, 20, 3, 90),
(33, 21, 3, 88),
(34, 24, 3, 78),
(35, 28, 3, 79),
(36, 29, 3, 80),
(37, 30, 3, 87),
(38, 32, 3, 85),
(39, 33, 3, 90),
(40, 34, 3, 90),
(41, 36, 3, 90),
(42, 38, 3, 90),
(43, 41, 3, 89),
(44, 46, 3, 78),
(45, 48, 3, 80),
(46, 53, 3, 88),
(47, 54, 3, 87),
(48, 56, 3, 79);

-- --------------------------------------------------------

--
-- Table structure for table `rombel`
--

CREATE TABLE `rombel` (
  `id_rombel` int NOT NULL,
  `walas` int NOT NULL,
  `nama_rombel` varchar(30) NOT NULL
) ENGINE=InnoDB DEFAULT CHARSET=utf8mb3;

--
-- Dumping data for table `rombel`
--

INSERT INTO `rombel` (`id_rombel`, `walas`, `nama_rombel`) VALUES
(1, 1, 'VII.2'),
(2, 10, 'VII.1'),
(3, 3, 'VII.3');

-- --------------------------------------------------------

--
-- Table structure for table `siswa`
--

CREATE TABLE `siswa` (
  `id_siswa` int NOT NULL,
  `id_user` int NOT NULL,
  `id_rombel` int NOT NULL,
  `id_wali` int NOT NULL,
  `nama_siswa` varchar(40) NOT NULL,
  `nisn` varchar(15) NOT NULL,
  `email_siswa` varchar(50) NOT NULL,
  `nohp_siswa` varchar(13) NOT NULL
) ENGINE=InnoDB DEFAULT CHARSET=utf8mb3;

--
-- Dumping data for table `siswa`
--

INSERT INTO `siswa` (`id_siswa`, `id_user`, `id_rombel`, `id_wali`, `nama_siswa`, `nisn`, `email_siswa`, `nohp_siswa`) VALUES
(7, 49, 1, 2, 'Heldia Pinayungan', '10000', 'heldiapinayungan@gmail.com', '590324'),
(8, 50, 3, 2, 'Hanifah Gulo', '10001', 'hanifahgulo@gmail.com', '424773'),
(9, 51, 3, 2, 'Jojo Siahaan', '10002', 'jojosiahaan@gmail.com', '806148'),
(10, 52, 2, 1, 'Bernadetha Siagian', '10003', 'bernadethasiagian@gmail.com', '279898'),
(11, 53, 2, 2, 'Ebenezer Butar-butar', '10004', 'ebenezerbutar-butar@gmail.com', '129930'),
(12, 54, 1, 2, 'Rahulin Tumanggor', '10005', 'rahulintumanggor@gmail.com', '168022'),
(13, 55, 2, 2, 'Meriana Marbun', '10006', 'merianamarbun@gmail.com', '641505'),
(14, 56, 3, 1, 'Azrul Tumanggor', '10007', 'azrultumanggor@gmail.com', '470780'),
(15, 57, 2, 2, 'Lailatul Khodar', '10008', 'lailatulkhodar@gmail.com', '798951'),
(16, 58, 1, 1, 'Iskawati Simbolon', '10009', 'iskawatisimbolon@gmail.com', '384787'),
(17, 59, 1, 2, 'Angelina Situmeang', '10010', 'angelinasitumeang@gmail.com', '461094'),
(18, 60, 3, 2, 'Maria Nainggolan', '10011', 'marianainggolan@gmail.com', '803392'),
(19, 61, 1, 1, 'Stefani Hasibuan', '10012', 'stefanihasibuan@gmail.com', '623689'),
(20, 62, 3, 2, 'Wahyu Eka Nurjana', '10013', 'wahyuekanurjana@gmail.com', '403910'),
(21, 63, 3, 2, 'Norita Marbun', '10014', 'noritamarbun@gmail.com', '303845'),
(22, 64, 2, 2, 'Siti Sihombing', '10015', 'sitisihombing@gmail.com', '448184'),
(23, 65, 2, 2, 'Karmila Sihaloho', '10016', 'karmilasihaloho@gmail.com', '711915'),
(24, 66, 3, 2, 'Lia Manalu', '10017', 'liamanalu@gmail.com', '579687'),
(25, 67, 2, 2, 'Dwi Kristi Nainggolan', '10018', 'dwikristinainggolan@gmail.com', '605523'),
(26, 68, 1, 1, 'Hotmarito Silaban', '10019', 'hotmaritosilaban@gmail.com', '404134'),
(27, 69, 2, 2, 'Azkar Marbun', '10020', 'azkarmarbun@gmail.com', '493700'),
(28, 70, 3, 2, 'Muammar Pasaribu', '10021', 'muammarpasaribu@gmail.com', '952084'),
(29, 71, 3, 1, 'Anissa Batubara', '10022', 'anissabatubara@gmail.com', '299865'),
(30, 72, 3, 1, 'Nur Jannah Limbong', '10023', 'nurjannahlimbong@gmail.com', '385482'),
(31, 73, 2, 2, 'Rewinta Situmorang', '10024', 'rewintasitumorang@gmail.com', '608752'),
(32, 74, 3, 1, 'Lija Situmorang', '10025', 'lijasitumorang@gmail.com', '841732'),
(33, 75, 3, 2, 'Riati Simamora', '10026', 'riatisimamora@gmail.com', '111977'),
(34, 76, 3, 2, 'Parasian Telaumbanua', '10027', 'parasiantelaumbanua@gmail.com', '423457'),
(35, 77, 1, 2, 'Andre Marbun', '10028', 'andremarbun@gmail.com', '581632'),
(36, 78, 3, 2, 'Roy Martin Simamora', '10029', 'roymartinsimamora@gmail.com', '688379'),
(37, 79, 2, 2, 'Herdianti Tarihoran', '10030', 'herdiantitarihoran@gmail.com', '938703'),
(38, 80, 3, 2, 'Puddin Simatupang', '10031', 'puddinsimatupang@gmail.com', '244035'),
(39, 81, 2, 1, 'Lutfiani Marbun', '10032', 'lutfianimarbun@gmail.com', '143223'),
(40, 82, 2, 2, 'Lasmaria Sihotang', '10033', 'lasmariasihotang@gmail.com', '517598'),
(41, 83, 3, 2, 'Hendra Simanullang', '10034', 'hendrasimanullang@gmail.com', '110537'),
(42, 84, 2, 1, 'Lola Eklesia Simanjuntak', '10035', 'lolaeklesiasimanjuntak@gmail.com', '991364'),
(43, 85, 1, 1, 'Melda Padang', '10036', 'meldapadang@gmail.com', '344611'),
(44, 86, 2, 1, 'Martini Simanjuntak', '10037', 'martinisimanjuntak@gmail.com', '765968'),
(45, 87, 1, 2, 'Lasria Mungkur', '10038', 'lasriamungkur@gmail.com', '354063'),
(46, 88, 3, 2, 'Robinhot Barasa', '10039', 'robinhotbarasa@gmail.com', '401652'),
(47, 89, 2, 2, 'Mardiali Simamora', '10040', 'mardialisimamora@gmail.com', '612953'),
(48, 90, 3, 1, 'Roganti Sihotang', '10041', 'rogantisihotang@gmail.com', '340676'),
(49, 91, 2, 2, 'Hariyani Simanullang', '10042', 'hariyanisimanullang@gmail.com', '375908'),
(50, 92, 2, 1, 'Jelita Simanullang', '10043', 'jelitasimanullang@gmail.com', '986105'),
(51, 93, 2, 1, 'Menri Situmorang', '10044', 'menrisitumorang@gmail.com', '651167'),
(52, 94, 2, 1, 'Mei Telaumbanua', '10045', 'meitelaumbanua@gmail.com', '529388'),
(53, 95, 3, 2, 'Toni Marbun', '10046', 'tonimarbun@gmail.com', '842627'),
(54, 96, 3, 1, 'Jualprin Silaban', '10047', 'jualprinsilaban@gmail.com', '786116'),
(55, 97, 1, 2, 'Kartika Sihaloho', '10048', 'kartikasihaloho@gmail.com', '200016'),
(56, 98, 3, 2, 'Dian Sari Simarmata', '10049', 'diansarisimarmata@gmail.com', '563606');

-- --------------------------------------------------------

--
-- Table structure for table `subkriteria`
--

CREATE TABLE `subkriteria` (
  `id_subkriteria` int NOT NULL,
  `id_kriteria` int NOT NULL,
  `nama_sub` varchar(100) NOT NULL,
  `bobot_sub` double NOT NULL
) ENGINE=InnoDB DEFAULT CHARSET=utf8mb3;

--
-- Dumping data for table `subkriteria`
--

INSERT INTO `subkriteria` (`id_subkriteria`, `id_kriteria`, `nama_sub`, `bobot_sub`) VALUES
(1, 1, '91-156', 1),
(2, 1, '71-90', 0.75),
(3, 1, '51-70', 0.5),
(4, 3, 'S2', 1),
(5, 3, 'S1', 0.75),
(6, 3, 'DIV', 0.5),
(7, 3, 'DIII', 0.2),
(8, 3, 'DII', 0.05),
(9, 4, '81% - 100%', 1),
(10, 4, '61% - 80%', 0.75),
(11, 4, '41% - 60%', 0.5),
(12, 4, '21% - 40%', 0.25),
(13, 4, '0% - 20%', 0),
(14, 5, 'SANGAT DISPLIN', 1),
(15, 5, 'DISPLIN', 0.75),
(16, 5, 'KURANG DISPLIN', 0.25),
(17, 5, 'TIDAK DISPLIN', 0),
(18, 6, '81% - 100%', 1),
(19, 6, '61% - 80%', 0.75),
(20, 6, '41% - 60%', 0.5),
(21, 6, '21% - 40%', 0.25),
(22, 6, '0% - 20%', 0),
(23, 1, '31-50', 0.25),
(24, 1, '0-30', 0);

-- --------------------------------------------------------

--
-- Table structure for table `users`
--

CREATE TABLE `users` (
  `id_user` int NOT NULL,
  `username` varchar(30) NOT NULL,
  `password` varchar(256) NOT NULL,
  `level` varchar(20) CHARACTER SET utf8mb3 COLLATE utf8mb3_general_ci NOT NULL
) ENGINE=InnoDB DEFAULT CHARSET=utf8mb3;

--
-- Dumping data for table `users`
--

INSERT INTO `users` (`id_user`, `username`, `password`, `level`) VALUES
(1, 'admin', '$2y$10$hhqYYYkiRbP.6hXAjhdABeBB81dZrRdpntwpbAtLCKhaz2YIIEg7u', 'admin'),
(2, '789', '$2y$10$fv1CXiIBnJYyA36XXJBXSuFj2tl.a1rvEMhk/thpiptMTSJL9951y', 'guru'),
(4, '879789', '$2y$10$6KkLMytWFIfuWOfNoDKD8.LDz6otpEALT8P3Njc/2rVMDLK38zXAW', 'guru'),
(5, '2839421', '$2y$10$YhKd8UfxzyjzVeQq6BGf3e8mfkiHyK1854BGPInOMmeXRa5bLSiSa', 'guru'),
(6, '8989', '$2y$10$j0peKvOXWhpj4ftPfH7jkeNVcU88Ak3pJ/mZmXwhdOpaKFW6sX6yO', 'guru'),
(8, '687678', '$2y$10$pj6X2rDl6uivfa3MFYqM4Om6Y.EES/0mxQngfVLNIWkkCwi.rsJD2', 'guru'),
(9, '68768', '$2y$10$XCwvlCX.DUytbDgMa32vQekjaENCoNaJJPbpRFacuolpXfbJ4eQlO', 'guru'),
(11, '687', '$2y$10$ZwuHBExnjaHnpJv2ywW2vei4/9lizoN/Iu.66g2AeFAELKcG76wH.', 'guru'),
(12, '89080', '$2y$10$uj.nq7fl0VSehPxC5QlXL.ZCw7Sl7OLNtDrSxPkgJH84gqgqTXgWm', 'guru'),
(13, '829304', '$2y$10$XTXPJ3FCyCcxRWgyXzxkkuzakDX4FhQV9kPPLQ3EqsVejZWXvVBMy', 'guru'),
(14, '82304989', '$2y$10$w1gLUqxZflwDFCD1WH/g5uwH925tlqDa799a7Jr7dC3FE65QJEWdC', 'guru'),
(15, '798', '$2y$10$JfAz5dEBs1paDRPymvqZ/ujvVPepVQjKklc4WRSeHqzASJCG0F.C.', 'guru'),
(16, '6543567', '$2y$10$EPhEhG8EAedD30Oo13YTXOIBcQXD/HmG5B/g.wIECzW.TRexTfhrq', 'guru'),
(17, 'irfandi', '$2y$10$NnllCEUkBr17knPGN.I2Du39nxAHuVSZ0QPAyzWtlFl6eCXECDbSm', 'guru'),
(18, '6287', '$2y$10$Rj.L6mFCxQuN5sMT1b4AHOrj4yhYom/.KYa80XDEV0O70QdEo9dKO', 'guru'),
(23, 'supratman', '$2y$10$X5HCjiwHWlLHLzuttWqlceDEyK9Ayb7.037daxiKFSlBOTloyzGUS', 'wali'),
(24, 'agus', '$2y$10$SiOivBgtC/6xYSdOctgCPeEBcz.zZDszA1IOw/iU8pna1AhZg6iGu', 'wali'),
(28, 'hermamungkur', '$2y$10$8tkf51qK9s3Ebhz6VawoZOLfIuJRnQAf1wvBOaEO9XeuXTq4Ulrki', 'guru'),
(31, '123', '$2y$10$mPtW7cw7cmGqEUnek0.pIO6VoReyDzkjSnet8Z1DFEgqQl7RhlnMO', 'guru'),
(35, '12387190809', '$2y$10$TcY6946lpnxLmWeblCcUS.yTcAf1aL.5kS.OYqHA2cnEJyy6stbg6', 'guru'),
(36, '921903809', '$2y$10$8wE7t7k3ET/c9hKpdjXP4.QLa4ZXmywnvYznXrm2r4QnJ.2qIDDdq', 'guru'),
(37, '80989867687', '$2y$10$WIJ1VYO.9GjRddwRbzZHH.L/leSF44z5fTlRQjjX.DaJHKVGmpNaC', 'guru'),
(38, '89875654', '$2y$10$cM5VUnKBzD5tvXwcVV5yyelgADqCCjEWHCG9kl49uVTViKUTaro4W', 'guru'),
(39, '656130989765', '$2y$10$DcJQv6vSuUAugSp72mh/iecwLo3d5k2YC1TjrBXhWOVKK.BmH.ic6', 'guru'),
(40, '6156478099', '$2y$10$7gEn7ZiEq9S7vDKfcXY3ieDrSGR7OCtR3Goo0bvZW6rcASiXhU1Ti', 'guru'),
(41, '51236781738', '$2y$10$CKe4qTa9.hyUQ178HyG7hOdWvryNviGQuE7m2iYxbnDL.4PmNdKDm', 'guru'),
(42, '123561671809', '$2y$10$lS6UlCTO8FD/H3m.kJChJ.5jKgVcfOnJjpUg97FRp5mqQT0M8JTmy', 'guru'),
(43, '5690897645', '$2y$10$Ml4FnAcHUYbCnAQgRZRpHOtsRaBd/Z7B3qQAbH2q0BsZ5tLXMCg/2', 'guru'),
(44, '678798987', '$2y$10$S.Lp.reaxiTiDXjlGJZ73eMye3RL9VxZCxsvstyUaz99hiCHB86b2', 'guru'),
(45, '7216381', '$2y$10$F1NgkVIlBzAqA4E2D7D0A.NQY9h64FvtzVMNmTPUotcaa8UeAvSFm', 'guru'),
(46, '512368128', '$2y$10$S76SjJYQVU/a.gYJ794U8.uIFEPm6/ZD9pU3TUuPmvQuAfCJVwJXa', 'guru'),
(47, '781312', '$2y$10$2AxXncqCKAC./Rwbb/E0POQ45U5kgbAWDLKsoyBdQ/55DD88p1SUS', 'guru'),
(48, '671237651567', '$2y$10$WYt69Eho3rY.0atUcm.N0uHhCL4qgkLUXP.fq5Tybfkg9jStFAWGC', 'guru'),
(49, '10000', '$2y$10$UqixQT2sIpIMJXgcfGs.cegm8cPCqziglMlRz7zvGe2Fk6MKS54GW', 'siswa'),
(50, '10001', '$2y$10$ovzOjCdWA09KbYNEOhGVdOu4XFrCKx0Ekyvl9/oQ5ZtJthCEuYZWq', 'siswa'),
(51, '10002', '$2y$10$XV.Q6pxdXUX7pNrhbWvMSOdIn4BxFbnCvc9ZvMYi4vfpT6.4Gb8qu', 'siswa'),
(52, '10003', '$2y$10$wB7ezc2l4Zhv7ADPzoJN6uA4MljBO7hLrjLXeXu8poLFVr1TcOdWC', 'siswa'),
(53, '10004', '$2y$10$AtxFI8yTEmGi9Pw/NWWIHOOt5E5LhZYVVB9iv5IOgPiMp9/1qUoEu', 'siswa'),
(54, '10005', '$2y$10$9HZv/nIKmf1wiGXWWWWax.B5hsT9CCSYuo70EOqz2L/e0KtiVi/qS', 'siswa'),
(55, '10006', '$2y$10$dNsznw05QtIDyyFgtItyW.PRGcljJa.4lsziMre34zX3OENDt9ARK', 'siswa'),
(56, '10007', '$2y$10$EE4Qj1FJzh9KJELU0L/tveHiCZ.KU5220zBtRJSW7oKQzTS5bUTvW', 'siswa'),
(57, '10008', '$2y$10$b.ej8kNHbvxE5FNXLDe4pedQQFROcD8CLYxvSGp7pC/gl.NR6VbZi', 'siswa'),
(58, '10009', '$2y$10$iAGulPcxEWqYkYe1wmKqB.Hqxuv3a5Yfi0lZI36FUIWAW3SQCiwS2', 'siswa'),
(59, '10010', '$2y$10$RI2Lo26YGDB5egT.7JFszOTtAVsRAitq63Btg.ySEgJBgz8LFy3HG', 'siswa'),
(60, '10011', '$2y$10$rsre1MUGR9SzlCmn9GtaT.dIXHvE6HdDqcf678LDZzEFLm90lkHWm', 'siswa'),
(61, '10012', '$2y$10$yL2g.Ka5W95Skn7IT8a1NewDgrFER.N8colcQf.c.NOJWzMQS/xO.', 'siswa'),
(62, '10013', '$2y$10$jqoC9NQ2Pwe6aBCvkb/QDuHdwFpGtuMNAtw1CDrxIev0seua/YzZm', 'siswa'),
(63, '10014', '$2y$10$dTx8ROVOxS2Eb09BLBvdYuPZZIDUwIQaHmWh8r4sC08uEZS/vseGC', 'siswa'),
(64, '10015', '$2y$10$s89M06BffLA9gXDLzJKOoebIgTimJzycnaHT1u7w09mOb2xHu7s8q', 'siswa'),
(65, '10016', '$2y$10$vRhx/6P/OCxIm7gFUBAZ3uB2MiY1bI2J7IGYcxtzjdloLpfXpZZEK', 'siswa'),
(66, '10017', '$2y$10$hio.A/BnOGRv6EV5SE7vQeAWFjiRlvJjRKPP5N5Tay9OH5uNVxmbi', 'siswa'),
(67, '10018', '$2y$10$lkw9B4enavOLj6qNE18U4eyxhz14DTrb2jyCU4RdLEm6or7QAyWdW', 'siswa'),
(68, '10019', '$2y$10$R4mrw9b9Bt5.325Mz8OL.OfvRGVVnvorEq6Ug/mTNNDhBAjdrumua', 'siswa'),
(69, '10020', '$2y$10$iekLUAkOtFklt3hdZ1jqc.O9/4FL0YsxtUCJkCH4OY1LuVS2MuXY.', 'siswa'),
(70, '10021', '$2y$10$6YPNkLK2sNtaN6.R1cpRbu1wpB88W3zbHYpw.VW/gPNnQfldJOuzC', 'siswa'),
(71, '10022', '$2y$10$KkkEeEGu4utg9hB036JEl.LQK2r8o4/Jf.fV7mYK9vrqbw/gJH5aO', 'siswa'),
(72, '10023', '$2y$10$obeXStuTQfK6D.7OJ/BZ2ur2sogsOgjvL.E7bscvLN59eQ6XHiJTC', 'siswa'),
(73, '10024', '$2y$10$SrY/fTMmCeqSF3..7YWRpOcM2qFyy4FlYsde/V5xsZKvDFjxzMEZS', 'siswa'),
(74, '10025', '$2y$10$rX0fn9GSeLosPJxAxmX/tukoi96FtUHwQijXqtMewOwDGJV2v3HJy', 'siswa'),
(75, '10026', '$2y$10$uXtsl80gyYRGQlj/17qBrOWfBGukJw9/bCKB/6wz/lP8Qe3bmHxQ6', 'siswa'),
(76, '10027', '$2y$10$JEL8PglzkXND.l0.w.DIiujhPQx2GBNP0RNbyKcxf.OcJeeTgLnlW', 'siswa'),
(77, '10028', '$2y$10$AQGEDbBW5il5Q3B7TBPRkeClE1SpHhJEVQ.uuar4hNIUF9ISKy94u', 'siswa'),
(78, '10029', '$2y$10$5gVlp.1QU.0LVQft5GAGTOkia5DHKlZedNU/PMpSr2PG8tKyr2eCq', 'siswa'),
(79, '10030', '$2y$10$prFrkKnTMqmHd4FBIgpn5uYurPTjk0Qf8XSwkWxtotbFKH3BOZcBm', 'siswa'),
(80, '10031', '$2y$10$gR2EcOs/n2Ine7bmZkaAOOjWd6w7j6hZtB29JBvok3TbBTM5Z0s8u', 'siswa'),
(81, '10032', '$2y$10$nU7OGko1YXMisyuigZUblelYqYfiVpUImFZc1dPX3/fTLs/rAKZ6C', 'siswa'),
(82, '10033', '$2y$10$l1H2aQeYAYJkvpQz39au2uPLxY.31PBjyJjN9non2ubYOUVWtnKBG', 'siswa'),
(83, '10034', '$2y$10$UvSQkCAL6Q.qXFPzVuTK7eC70hP1JRsz1ZW6lxVc5IcvZG1O5uY3K', 'siswa'),
(84, '10035', '$2y$10$9lYJA37dEnA6RFsh0zkPyOEaf9vbP9MCpUhs0zSoUPvbT.hTIhPSa', 'siswa'),
(85, '10036', '$2y$10$89k8KVSpCP8wwdapKe4IbOyfEqkrWtvUuWZLO10kvzd3s6wUg2ULq', 'siswa'),
(86, '10037', '$2y$10$JxeWiwOGeWaMkbnUH8vzWugtZffDC3T2XkummL8YWBKJr.7AL0rcW', 'siswa'),
(87, '10038', '$2y$10$TKHqzw.CmKRKujlvwcSPC.1LEwo7V2MpmYGpM4CTrIkVp/nfnfNwu', 'siswa'),
(88, '10039', '$2y$10$2le3y1U7hCidbJHMK5fpwe47AdK/Od8WXwHCDzHuF5SVSz4C345lG', 'siswa'),
(89, '10040', '$2y$10$pKA1SdKx3Bml0lmTPRfFIewDQXQILYDFbPwTObuv.16omnlanmZHG', 'siswa'),
(90, '10041', '$2y$10$WptCSopiqSHiJ0NdiIyTU.TyDCQHWQV3QyjfB2PisjWt02ribcFBi', 'siswa'),
(91, '10042', '$2y$10$RJwpqhE4Uu9NYtCDkx18EOT3sHQ2biwxR/z5aLO.ynUC7Bz82aybK', 'siswa'),
(92, '10043', '$2y$10$EmShARk/iago7CqpZ4wSg.nS0lOSBUkNMHc9Gbium/A17f4QobF4K', 'siswa'),
(93, '10044', '$2y$10$11HhPon2LcQfE0/pRxRYu.rhuVFuHkVWCtM4.aHeEVEGdcYOwVx5S', 'siswa'),
(94, '10045', '$2y$10$bBYvU3dzZnfGdbYU3zKHx.QOHdlUIYvxGQOYO1Ua9y587SNR2u2hm', 'siswa'),
(95, '10046', '$2y$10$/.dj4eEjg/lemBV5a4U.hO6MtDi2DTkfsdOAFPIiS8wPaY520laDi', 'siswa'),
(96, '10047', '$2y$10$/pmkKb2jO5Nh.gowY8cKMOYGMMCuNIgdScveM35Xa9g8yD0t/8Go2', 'siswa'),
(97, '10048', '$2y$10$BO79SoaT0wzmjtG7OOPCF.j9a9Oax0E5ExrSfCEwMmWAU21NUucp.', 'siswa'),
(98, '10049', '$2y$10$eezfPvHWxzkJ7F/K.OuyKescM9QT3lg/D2jkawQpjHV0mnui.DpK2', 'siswa'),
(99, 'kepsek', '$2y$10$v5HuV66kj1c3i0.K/pxhU.3ed3W6L9DGjBp9JtQW5GNV/2i6Gy5GK', 'kepsek');

-- --------------------------------------------------------

--
-- Table structure for table `wali`
--

CREATE TABLE `wali` (
  `id_wali` int NOT NULL,
  `id_user` int NOT NULL,
  `nama_wali` varchar(40) NOT NULL,
  `email_wali` varchar(50) NOT NULL,
  `nohp_wali` varchar(13) NOT NULL
) ENGINE=InnoDB DEFAULT CHARSET=utf8mb3;

--
-- Dumping data for table `wali`
--

INSERT INTO `wali` (`id_wali`, `id_user`, `nama_wali`, `email_wali`, `nohp_wali`) VALUES
(2, 23, 'Supratman', 'supratman@gmail.com', '982092342'),
(3, 24, 'Agus', 'agus@gmail.com', '928342');

--
-- Indexes for dumped tables
--

--
-- Indexes for table `absensi`
--
ALTER TABLE `absensi`
  ADD PRIMARY KEY (`id_absensi`);

--
-- Indexes for table `absensiguru`
--
ALTER TABLE `absensiguru`
  ADD PRIMARY KEY (`id_absensiguru`);

--
-- Indexes for table `guru`
--
ALTER TABLE `guru`
  ADD PRIMARY KEY (`id_guru`);

--
-- Indexes for table `hasilnilai`
--
ALTER TABLE `hasilnilai`
  ADD PRIMARY KEY (`id_hasilnilai`);

--
-- Indexes for table `kriteria`
--
ALTER TABLE `kriteria`
  ADD PRIMARY KEY (`id_kriteria`);

--
-- Indexes for table `log`
--
ALTER TABLE `log`
  ADD PRIMARY KEY (`id_log`);

--
-- Indexes for table `mapel`
--
ALTER TABLE `mapel`
  ADD PRIMARY KEY (`id_mapel`);

--
-- Indexes for table `nilaidarisiswa`
--
ALTER TABLE `nilaidarisiswa`
  ADD PRIMARY KEY (`id_nilaidarisiswa`);

--
-- Indexes for table `nilaiguru`
--
ALTER TABLE `nilaiguru`
  ADD PRIMARY KEY (`id_nilaiguru`);

--
-- Indexes for table `pengampu`
--
ALTER TABLE `pengampu`
  ADD PRIMARY KEY (`id_pengampu`);

--
-- Indexes for table `penilaian`
--
ALTER TABLE `penilaian`
  ADD PRIMARY KEY (`id_penilaian`);

--
-- Indexes for table `rombel`
--
ALTER TABLE `rombel`
  ADD PRIMARY KEY (`id_rombel`);

--
-- Indexes for table `siswa`
--
ALTER TABLE `siswa`
  ADD PRIMARY KEY (`id_siswa`);

--
-- Indexes for table `subkriteria`
--
ALTER TABLE `subkriteria`
  ADD PRIMARY KEY (`id_subkriteria`);

--
-- Indexes for table `users`
--
ALTER TABLE `users`
  ADD PRIMARY KEY (`id_user`);

--
-- Indexes for table `wali`
--
ALTER TABLE `wali`
  ADD PRIMARY KEY (`id_wali`);

--
-- AUTO_INCREMENT for dumped tables
--

--
-- AUTO_INCREMENT for table `absensi`
--
ALTER TABLE `absensi`
  MODIFY `id_absensi` int NOT NULL AUTO_INCREMENT, AUTO_INCREMENT=67;

--
-- AUTO_INCREMENT for table `absensiguru`
--
ALTER TABLE `absensiguru`
  MODIFY `id_absensiguru` int NOT NULL AUTO_INCREMENT, AUTO_INCREMENT=2110;

--
-- AUTO_INCREMENT for table `guru`
--
ALTER TABLE `guru`
  MODIFY `id_guru` int NOT NULL AUTO_INCREMENT, AUTO_INCREMENT=40;

--
-- AUTO_INCREMENT for table `hasilnilai`
--
ALTER TABLE `hasilnilai`
  MODIFY `id_hasilnilai` int NOT NULL AUTO_INCREMENT, AUTO_INCREMENT=31;

--
-- AUTO_INCREMENT for table `kriteria`
--
ALTER TABLE `kriteria`
  MODIFY `id_kriteria` int NOT NULL AUTO_INCREMENT, AUTO_INCREMENT=7;

--
-- AUTO_INCREMENT for table `log`
--
ALTER TABLE `log`
  MODIFY `id_log` int NOT NULL AUTO_INCREMENT, AUTO_INCREMENT=23;

--
-- AUTO_INCREMENT for table `mapel`
--
ALTER TABLE `mapel`
  MODIFY `id_mapel` int NOT NULL AUTO_INCREMENT, AUTO_INCREMENT=6;

--
-- AUTO_INCREMENT for table `nilaidarisiswa`
--
ALTER TABLE `nilaidarisiswa`
  MODIFY `id_nilaidarisiswa` int NOT NULL AUTO_INCREMENT, AUTO_INCREMENT=50;

--
-- AUTO_INCREMENT for table `nilaiguru`
--
ALTER TABLE `nilaiguru`
  MODIFY `id_nilaiguru` int NOT NULL AUTO_INCREMENT, AUTO_INCREMENT=151;

--
-- AUTO_INCREMENT for table `pengampu`
--
ALTER TABLE `pengampu`
  MODIFY `id_pengampu` int NOT NULL AUTO_INCREMENT, AUTO_INCREMENT=5;

--
-- AUTO_INCREMENT for table `penilaian`
--
ALTER TABLE `penilaian`
  MODIFY `id_penilaian` int NOT NULL AUTO_INCREMENT, AUTO_INCREMENT=49;

--
-- AUTO_INCREMENT for table `rombel`
--
ALTER TABLE `rombel`
  MODIFY `id_rombel` int NOT NULL AUTO_INCREMENT, AUTO_INCREMENT=5;

--
-- AUTO_INCREMENT for table `siswa`
--
ALTER TABLE `siswa`
  MODIFY `id_siswa` int NOT NULL AUTO_INCREMENT, AUTO_INCREMENT=57;

--
-- AUTO_INCREMENT for table `subkriteria`
--
ALTER TABLE `subkriteria`
  MODIFY `id_subkriteria` int NOT NULL AUTO_INCREMENT, AUTO_INCREMENT=25;

--
-- AUTO_INCREMENT for table `users`
--
ALTER TABLE `users`
  MODIFY `id_user` int NOT NULL AUTO_INCREMENT, AUTO_INCREMENT=101;

--
-- AUTO_INCREMENT for table `wali`
--
ALTER TABLE `wali`
  MODIFY `id_wali` int NOT NULL AUTO_INCREMENT, AUTO_INCREMENT=4;
COMMIT;

/*!40101 SET CHARACTER_SET_CLIENT=@OLD_CHARACTER_SET_CLIENT */;
/*!40101 SET CHARACTER_SET_RESULTS=@OLD_CHARACTER_SET_RESULTS */;
/*!40101 SET COLLATION_CONNECTION=@OLD_COLLATION_CONNECTION */;
